Trade ID,Index name,Currency,3M,6M,1Y,2Y,3Y,5Y,7Y,10Y,15Y,30Y,Inflation,Basis
SYS_23101,3MLIBOR,USD,-2286,-1785,-973,25,668,-403,686,-1626,548,-947,,
SYS_23102,3MLIBOR,USD,605,2409,247,10,-380,-260,-1200,-1860,463,-708,,
SYS_23103,3MLIBOR,USD,-56,-781,-44,-851,-1136,803,1340,-390,817,-858,,
SYS_23104,3MLIBOR,USD,-730,56,100,-1592,316,270,2526,-1095,-374,189,,
SYS_23105,3MLIBOR,USD,-331,1197,-464,77,-68,-1708,-488,96,-455,-256,,
SYS_23106,3MLIBOR,USD,1372,66,201,-981,-85,-1662,-322,-1657,1867,-946,,
SYS_23107,3MLIBOR,USD,742,133,-352,-550,-92,-35,-1549,-1129,1159,-601,,
SYS_23108,3MLIBOR,USD,-964,601,-402,-1471,-614,467,-11,-823,-786,-168,,
SYS_23109,3MLIBOR,USD,75,3523,809,1189,37,-32,481,-1364,-306,-1550,,
SYS_23110,3MLIBOR,USD,446,-353,686,218,-260,124,-513,-2347,468,572,,
SYS_23111,3MLIBOR,USD,626,2235,662,-1280,-1298,193,-569,132,191,25,,
SYS_23112,3MLIBOR,USD,660,-586,-267,-1320,756,-1043,-2240,-675,-819,-362,,
SYS_23113,3MLIBOR,USD,-660,670,-6,629,103,-1060,-1775,-138,1108,-89,,
SYS_23114,3MLIBOR,USD,-780,-228,489,-970,448,-852,-308,-243,279,438,,
SYS_23115,3MLIBOR,USD,-245,-1098,299,-929,1094,-1304,1126,176,212,-961,,
SYS_23116,3MLIBOR,USD,-1129,912,-283,-868,-116,35,567,626,-2142,-1831,,
SYS_23117,3MLIBOR,USD,-723,1019,1557,412,353,-371,157,-194,-771,559,,
SYS_23118,3MLIBOR,USD,-2058,1698,-124,1390,201,-1108,-990,204,273,840,,
SYS_23119,3MLIBOR,USD,54,295,213,-449,-119,332,-1396,-445,349,45,,
SYS_23120,3MLIBOR,USD,-1313,-595,761,-514,375,-463,-618,694,-1553,-1333,,
SYS_23121,3MLIBOR,USD,1496,895,917,653,1894,-398,-226,-1509,828,-595,,
SYS_23122,3MLIBOR,USD,-1633,1262,1273,312,619,379,-255,-117,-121,-799,,
SYS_23123,3MLIBOR,USD,-123,-485,-1493,-1753,-1084,-1059,424,406,-1718,-749,,
SYS_23124,3MLIBOR,USD,1010,-200,-1231,-904,1031,744,2922,166,1404,815,,
SYS_23125,3MLIBOR,USD,141,-1503,829,-451,175,1142,725,-116,-96,-801,,
SYS_23126,3MLIBOR,USD,-964,276,-1387,246,709,-1289,-670,964,1060,-424,,
SYS_23127,3MLIBOR,USD,-817,-580,308,91,316,-139,-67,-895,-389,-300,,
SYS_23128,3MLIBOR,USD,1631,-1742,27,2504,1868,1737,-951,555,1334,-456,,
SYS_23129,3MLIBOR,USD,-1014,279,-350,-346,-712,-4,-1872,-1115,-458,2207,,
SYS_23130,3MLIBOR,USD,283,-176,797,-1349,-1120,-77,339,-298,237,88,,
SYS_23131,3MLIBOR,USD,302,-665,-335,-141,-2305,-657,-749,-1455,-1179,-1113,,
SYS_23132,3MLIBOR,USD,-210,651,-595,26,535,628,-240,862,723,605,,
SYS_23133,3MLIBOR,USD,1024,-301,1061,-196,231,-59,-1054,-1001,182,1531,,
SYS_23134,3MLIBOR,USD,361,767,-890,-540,-1374,104,491,-823,701,-380,,
SYS_23135,3MLIBOR,USD,289,821,191,-1280,1289,1478,-291,-306,1045,1774,,
SYS_23136,3MLIBOR,USD,1192,-316,239,1652,-1728,-847,-812,1453,-84,-134,,
SYS_23137,3MLIBOR,USD,-993,-829,194,-586,-798,-588,-1871,766,-109,-377,,
SYS_23138,3MLIBOR,USD,-572,1207,342,-2517,535,509,-280,-1708,-1095,-343,,
SYS_23139,3MLIBOR,USD,329,-1495,-424,-59,306,777,-1009,-1622,-2361,199,,
SYS_23140,3MLIBOR,USD,1448,-1373,-263,-165,1256,864,348,337,-943,16,,
SYS_23141,3MLIBOR,USD,27,-345,-1608,-946,1558,627,-1040,608,-303,-910,,
SYS_23142,3MLIBOR,USD,-785,-971,169,1166,-1257,-427,-647,-1185,570,477,,
SYS_23143,3MLIBOR,USD,-1059,-746,-280,611,153,-1773,308,91,-917,-150,,
SYS_23144,3MLIBOR,USD,21,2151,-451,-1523,1043,-1216,-1433,264,-547,-492,,
SYS_23145,3MLIBOR,USD,830,953,-217,410,-584,865,-835,-991,-1139,-355,,
SYS_23146,3MLIBOR,USD,731,-853,122,-454,684,1578,-787,200,-498,-1632,,
SYS_23147,3MLIBOR,USD,-395,-143,-1505,-316,411,-180,2338,-2179,-349,1244,,
SYS_23148,3MLIBOR,USD,112,-101,990,336,-1623,-1123,-996,1412,447,-1455,,
SYS_23149,3MLIBOR,USD,-1159,-1489,1236,-1253,1507,2012,1576,-863,-828,768,,
SYS_23150,3MLIBOR,USD,-1667,-412,-199,-1775,1316,680,125,236,-481,241,,
SYS_23151,3MLIBOR,USD,1332,96,-389,-1307,2376,-290,2127,-605,-299,1612,,
SYS_23152,3MLIBOR,USD,231,-1314,-188,1662,-846,-451,831,1651,1384,1075,,
SYS_23153,3MLIBOR,USD,383,35,-114,832,-78,-591,-1182,-1347,-478,1038,,
SYS_23154,3MLIBOR,USD,-833,1968,244,-1120,-922,-1674,-2080,-1667,230,-905,,
SYS_23155,3MLIBOR,USD,1308,-631,-1508,-1014,-15,1182,-438,-898,-217,422,,
SYS_23156,3MLIBOR,USD,428,-778,1727,909,467,-759,-421,1127,940,-612,,
SYS_23157,3MLIBOR,USD,151,376,149,474,-1313,1408,97,-1655,1846,611,,
SYS_23158,3MLIBOR,USD,810,-345,-93,1349,-728,-1329,-1469,1189,-100,-225,,
SYS_23159,3MLIBOR,USD,1007,-869,-809,-100,901,1182,-243,943,395,-907,,
SYS_23160,3MLIBOR,USD,-903,-1371,-982,217,934,386,1043,878,1826,649,,
SYS_23161,3MLIBOR,USD,-974,519,-1883,614,195,206,-634,376,-922,-1091,,
SYS_23162,3MLIBOR,USD,-548,-1069,1425,-611,253,464,-869,-1652,991,-770,,
SYS_23163,3MLIBOR,USD,945,-721,-322,-742,-558,-180,1867,-777,-1299,-355,,
SYS_23164,3MLIBOR,USD,-1906,449,-773,-311,-568,240,118,318,-370,-81,,
SYS_23165,3MLIBOR,USD,-1173,2155,-1546,1420,-600,-564,1412,1144,-424,931,,
SYS_23166,3MLIBOR,USD,610,-191,-1641,547,289,-513,-303,-1338,-18,-1106,,
SYS_23167,3MLIBOR,USD,1002,810,-456,-535,-2018,-387,-1508,472,-118,-1675,,
SYS_23168,3MLIBOR,USD,652,-1223,-44,1387,88,523,-529,-566,-563,1665,,
SYS_23169,3MLIBOR,USD,761,1099,-390,1098,-543,1500,-1032,907,-968,370,,
SYS_23170,3MLIBOR,USD,-180,125,1167,1919,-40,1890,650,-387,-221,-1178,,
SYS_23171,3MLIBOR,USD,-999,27,488,-1794,-1124,219,-2278,956,-922,1872,,
SYS_23172,3MLIBOR,USD,1007,602,-448,2152,6,-327,-495,1294,-631,-897,,
SYS_23173,3MLIBOR,USD,391,-471,-411,-1978,773,-163,-959,1776,967,-612,,
SYS_23174,3MLIBOR,USD,1261,-140,-502,-428,-42,285,-797,841,-468,-1429,,
SYS_23175,3MLIBOR,USD,1166,511,729,1376,-1407,-1013,73,-891,346,-638,,
SYS_23176,3MLIBOR,USD,-637,599,-1147,-2,-458,55,1293,-344,-1467,-144,,
SYS_23177,3MLIBOR,USD,-1903,-990,306,247,-454,-18,-109,-1215,-1002,50,,
SYS_23178,3MLIBOR,USD,919,270,-1066,-57,-623,-1058,-230,12,-534,1672,,
SYS_23179,3MLIBOR,USD,211,-483,-33,432,-1005,601,-2732,-216,-306,265,,
SYS_23180,3MLIBOR,USD,1375,-22,-404,-748,-777,1455,-211,298,1792,571,,
SYS_23181,3MLIBOR,USD,458,1108,-237,2517,1,2187,206,1608,1890,-479,,
SYS_23182,3MLIBOR,USD,-826,588,-666,-2054,-495,-1071,248,518,94,-50,,
SYS_23183,3MLIBOR,USD,-1124,388,-110,-1328,-1452,957,1063,-888,177,2584,,
SYS_23184,3MLIBOR,USD,-274,25,705,-1206,-2,-770,-652,117,2111,696,,
SYS_23185,3MLIBOR,USD,527,-1904,-902,1651,52,2489,-1097,-877,200,-621,,
SYS_23186,3MLIBOR,USD,293,1293,1050,411,-49,-1098,828,-28,-740,96,,
SYS_23187,3MLIBOR,USD,137,176,-989,-35,468,511,-1605,448,7,-1067,,
SYS_23188,3MLIBOR,USD,744,1410,910,-712,513,7,-1678,17,-255,696,,
SYS_23189,3MLIBOR,USD,37,-138,-110,-612,-1928,-149,861,-201,-331,1154,,
SYS_23190,3MLIBOR,USD,169,118,1405,1566,589,109,2401,-846,142,-1062,,
SYS_23191,3MLIBOR,USD,-1239,-218,-577,491,924,517,630,381,-608,-30,,
SYS_23192,3MLIBOR,USD,166,507,-1287,-259,884,206,1361,-95,-584,380,,
SYS_23193,3MLIBOR,USD,1524,923,325,-893,2815,-343,141,-32,75,-336,,
SYS_23194,3MLIBOR,USD,-1991,969,593,395,1166,-785,-18,-483,941,-1529,,
SYS_23195,3MLIBOR,USD,-208,54,-1114,704,-502,-133,1800,-711,136,1021,,
SYS_23196,3MLIBOR,USD,786,-178,1368,-485,526,972,1281,692,-932,-1914,,
SYS_23197,3MLIBOR,USD,-224,-1255,-2831,-393,782,895,1705,169,1235,-1017,,
SYS_23198,3MLIBOR,USD,-1961,952,-32,1024,329,298,-257,-1460,604,-1650,,
SYS_23199,3MLIBOR,USD,749,-323,-741,-585,-2442,-14,275,-589,52,465,,
SYS_23200,3MLIBOR,USD,-1148,784,-1837,-88,184,516,0,10,1573,553,,
SYS_23201,3MLIBOR,USD,-353,-156,1392,-162,-627,-353,289,989,1334,1329,,
SYS_23202,3MLIBOR,USD,-136,-739,-935,-53,148,308,-846,420,535,548,,
SYS_23203,3MLIBOR,USD,88,-356,2072,-591,-1443,417,-395,-521,1128,2199,,
SYS_23204,3MLIBOR,USD,-538,49,71,106,316,761,-474,303,464,1282,,
SYS_23205,3MLIBOR,USD,410,662,2690,-250,-1056,-659,660,779,686,-601,,
SYS_23206,3MLIBOR,USD,1129,592,-255,476,-389,1550,-10,-1514,-91,2142,,
SYS_23207,3MLIBOR,USD,441,-913,12,766,-536,-3147,816,-1020,2361,945,,
SYS_23208,3MLIBOR,USD,-136,-898,672,84,794,229,1046,-127,824,2791,,
SYS_23209,3MLIBOR,USD,-778,1551,60,-450,-382,-907,1109,-1248,96,-841,,
SYS_23210,3MLIBOR,USD,249,1980,-105,424,-1334,-942,1043,8,266,-601,,
SYS_23211,3MLIBOR,USD,-219,1051,174,2085,157,-321,688,-731,-695,-81,,
SYS_23212,3MLIBOR,USD,655,-233,-203,-182,281,1468,-230,-1626,-829,-2061,,
SYS_23213,3MLIBOR,USD,598,671,1691,1371,184,438,271,-529,422,1257,,
SYS_23214,3MLIBOR,USD,749,-673,-14,-781,622,-34,709,70,-331,-969,,
SYS_23215,3MLIBOR,USD,-1656,-332,411,-1551,-84,419,275,-393,-323,-1069,,
SYS_23216,3MLIBOR,USD,-1550,950,1078,125,-618,1007,-1105,-1371,344,397,,
SYS_23217,3MLIBOR,USD,-49,-915,101,263,1437,-1292,395,846,-553,-224,,
SYS_23218,3MLIBOR,USD,347,356,771,1141,360,1333,672,594,65,857,,
SYS_23219,3MLIBOR,USD,935,1746,-958,224,-1925,244,862,-805,-1695,-108,,
SYS_23220,3MLIBOR,USD,803,378,-430,38,471,-646,-930,-440,-1417,1504,,
SYS_23221,3MLIBOR,USD,-318,246,-1389,-517,607,-383,907,886,1540,1029,,
SYS_23222,3MLIBOR,USD,1305,1468,-1140,428,-547,-643,239,-1746,-344,1139,,
SYS_23223,3MLIBOR,USD,2227,2189,572,228,86,-789,4,124,5,-246,,
SYS_23224,3MLIBOR,USD,792,836,60,891,755,-785,1841,965,-380,92,,
SYS_23225,3MLIBOR,USD,2206,-178,893,696,-194,-1407,-760,556,-810,-885,,
SYS_23226,3MLIBOR,USD,-592,-1330,-190,74,-1322,530,456,679,991,-796,,
SYS_23227,3MLIBOR,USD,1527,-91,216,-786,61,1604,-502,1016,-379,-2635,,
SYS_23228,3MLIBOR,USD,-162,689,-1141,-2162,1074,612,353,457,805,566,,
SYS_23229,3MLIBOR,USD,841,7,-253,89,262,258,326,-1238,337,678,,
SYS_23230,3MLIBOR,USD,-1539,-268,-536,-479,-471,1359,-137,-1812,868,-1552,,
SYS_23231,3MLIBOR,USD,47,-815,-543,-1707,1152,-490,-947,511,-55,218,,
SYS_23232,3MLIBOR,USD,1019,1650,194,263,-1138,-586,125,-323,-1558,992,,
SYS_23233,3MLIBOR,USD,148,2844,-1479,372,-929,-206,1071,56,356,-586,,
SYS_23234,3MLIBOR,USD,1481,-1082,1198,-148,-916,1224,-1922,-912,-204,1326,,
SYS_23235,3MLIBOR,USD,-174,246,-579,-2534,-1850,-624,-300,851,-1462,440,,
SYS_23236,3MLIBOR,USD,-996,971,1242,-174,-544,1418,1711,1208,-1245,212,,
SYS_23237,3MLIBOR,USD,633,-1864,1113,728,379,-360,-302,474,414,357,,
SYS_23238,3MLIBOR,USD,831,-1922,725,-1024,-2190,-326,1538,-194,300,2474,,
SYS_23239,3MLIBOR,USD,701,1955,612,1524,-380,-1052,509,224,826,-20,,
SYS_23240,3MLIBOR,USD,3182,107,390,848,-423,-1855,799,-604,-786,580,,
SYS_23241,3MLIBOR,USD,-1112,1091,-1837,-1170,80,-378,2630,-129,-390,-988,,
SYS_23242,3MLIBOR,USD,918,-1061,2056,-186,262,1259,1522,-262,731,-215,,
SYS_23243,3MLIBOR,USD,343,421,6,677,199,-653,226,-173,-1505,-1041,,
SYS_23244,3MLIBOR,USD,-1852,-830,-1369,-917,-288,417,154,1680,-816,102,,
SYS_23245,3MLIBOR,USD,250,603,18,1697,1218,916,370,-332,1438,227,,
SYS_23246,3MLIBOR,USD,92,194,-861,-41,287,-85,2492,-774,-230,1114,,
SYS_23247,6M Lbior,USD,-1961,281,-807,-691,-154,-1421,379,70,-86,-340,,
SYS_23248,6M Lbior,USD,417,1073,-510,47,600,79,-212,273,672,1409,,
SYS_23249,6M Lbior,USD,1177,-551,145,404,2050,509,-359,1051,395,433,,
SYS_23250,6M Lbior,USD,-1232,383,2246,1539,-991,1077,-266,-843,-1091,-2519,,
SYS_23251,6M Lbior,USD,359,418,-245,49,-344,-1314,-1592,-292,-591,1259,,
SYS_23252,6M Lbior,USD,1014,-2121,374,-769,1389,367,-600,503,851,2109,,
SYS_23253,6M Lbior,USD,244,634,85,-20,-1564,-1504,-446,1866,-156,-401,,
SYS_23254,6M Lbior,USD,553,796,-648,159,19,122,1734,-965,273,-164,,
SYS_23255,6M Lbior,USD,1846,-127,1221,-1818,-398,-654,-722,1481,-1066,75,,
SYS_23256,6M Lbior,USD,-1849,957,-1069,577,-1551,42,-1152,222,-899,-248,,
SYS_23257,6M Lbior,USD,-432,-83,668,1863,-590,-121,-1399,1147,113,270,,
SYS_23258,6M Lbior,USD,-1996,-2615,717,492,1134,-660,-294,-172,413,-466,,
SYS_23259,6M Lbior,USD,-166,1384,-949,-580,1238,-1562,242,-670,1047,677,,
SYS_23260,6M Lbior,USD,-720,1246,-1148,467,-965,-1591,-164,-344,-638,-430,,
SYS_23261,6M Lbior,USD,1107,-157,-62,935,591,493,890,1103,-126,1523,,
SYS_23262,6M Lbior,USD,1141,-2058,756,-779,-323,-1163,605,-349,198,331,,
SYS_23263,6M Lbior,USD,497,-102,-2091,-1379,-1065,-676,-217,1731,-677,2811,,
SYS_23264,6M Lbior,USD,-777,436,1590,1007,436,-1834,480,-900,726,1747,,
SYS_23265,6M Lbior,USD,25,-1198,-1365,364,190,-111,928,-1637,885,-275,,
SYS_23266,6M Lbior,USD,2036,2389,1120,-597,-1284,51,2586,257,-83,2455,,
SYS_23267,6M Lbior,USD,-2040,518,-1025,71,-1382,-994,990,-943,-616,156,,
SYS_23268,6M Lbior,USD,890,98,890,-70,-1717,-816,-1947,-503,634,434,,
SYS_23269,6M Lbior,USD,228,-1562,-529,-1383,-259,-216,-1414,403,178,-482,,
SYS_23270,6M Lbior,USD,971,1188,956,-69,-538,-82,1123,1194,684,-868,,
SYS_23271,6M Lbior,USD,1166,1121,-1481,23,1232,424,-2093,-1074,-1292,-1238,,
SYS_23272,6M Lbior,USD,-354,-46,799,-154,173,-1574,-1475,679,216,1044,,
SYS_23273,6M Lbior,USD,-1740,-1140,141,695,103,2136,1336,1619,-962,425,,
SYS_23274,6M Lbior,USD,549,-129,509,860,467,476,137,18,906,-593,,
SYS_23275,6M Lbior,USD,115,1025,1975,1321,-222,706,-374,-66,-102,895,,
SYS_23276,6M Lbior,USD,-578,-327,1074,1480,-825,-1036,829,126,-557,-426,,
SYS_23277,6M Lbior,USD,-1139,-498,88,533,475,610,923,772,1266,1896,,
SYS_23278,6M Lbior,USD,767,1042,1297,-945,1225,-633,678,-237,674,-536,,
SYS_23279,6M Lbior,USD,1405,807,1078,-282,698,753,1188,-2591,-2020,-1049,,
SYS_23280,6M Lbior,USD,705,1308,-930,775,236,-1157,221,398,536,-190,,
SYS_23281,6M Lbior,USD,-545,-902,736,26,-38,-289,-141,767,-319,1409,,
SYS_23282,6M Lbior,USD,-302,1259,223,51,-1716,2091,680,1098,-761,436,,
SYS_23283,6M Lbior,USD,-194,-240,463,977,-1965,-845,755,-567,1522,-670,,
SYS_23284,6M Lbior,USD,165,-1041,-260,-181,-881,-510,-281,-131,-2278,214,,
SYS_23285,6M Lbior,USD,-1109,3194,-237,-1630,-303,8,221,-1105,-1089,153,,
SYS_23286,6M Lbior,USD,-272,1259,2250,285,-170,-790,425,992,8,-961,,
SYS_23287,6M Lbior,USD,-1805,1022,460,-278,-1046,-1062,1875,503,-14,1929,,
SYS_23288,6M Lbior,USD,2582,589,-994,-9,35,1612,2777,1245,-585,638,,
SYS_23289,6M Lbior,USD,-16,-298,-1357,1023,-38,556,-146,-1822,-337,-1110,,
SYS_23290,6M Lbior,USD,621,-995,1971,-196,-410,-17,710,1461,183,91,,
SYS_23291,6M Lbior,USD,-103,-728,954,-1100,1113,-196,1431,-952,1381,4,,
SYS_23292,6M Lbior,USD,1519,228,461,-2660,87,-1352,-89,-519,-1009,-869,,
SYS_23293,6M Lbior,USD,495,440,1629,-1614,322,299,1225,547,636,79,,
SYS_23294,6M Lbior,USD,2386,-1249,595,-1008,2103,461,1639,1580,-286,585,,
SYS_23295,6M Lbior,USD,-255,825,-238,-270,951,-660,-15,234,-649,362,,
SYS_23296,6M Lbior,USD,-1571,-13,-89,-867,-964,-1666,358,605,492,-878,,
SYS_23297,6M Lbior,USD,1069,1096,678,-1422,29,-447,1636,-1251,-298,-303,,
SYS_23298,6M Lbior,USD,-890,3023,-29,1266,176,700,-332,-1168,-658,642,,
SYS_23299,6M Lbior,USD,2011,361,412,391,872,261,1539,673,-130,535,,
SYS_23300,6M Lbior,USD,-1112,-2756,-907,2269,1322,84,933,2199,-646,-1379,,
SYS_23301,6M Lbior,USD,-190,-790,-1099,893,-2439,220,-415,-844,-2876,665,,
SYS_23302,6M Lbior,USD,359,-484,44,1126,14,-577,-1176,1717,-414,-955,,
SYS_23303,6M Lbior,USD,-625,-1021,386,-1197,-1598,-1140,-1679,1780,-132,-1894,,
SYS_23304,6M Lbior,USD,-70,-902,287,-1407,201,-301,152,-522,402,-1081,,
SYS_23305,6M Lbior,USD,551,-175,-2956,21,132,133,-950,1328,-1423,-80,,
SYS_23306,6M Lbior,USD,2107,604,-1349,-408,519,-245,-1280,404,-558,-647,,
SYS_23307,6M Lbior,USD,1608,-2338,-918,1180,730,729,-268,-460,86,-1125,,
SYS_23308,6M Lbior,USD,-13,1326,695,326,-760,1406,98,179,-634,1752,,
SYS_23309,6M Lbior,USD,362,15,-2385,-686,503,-888,727,379,-761,-1219,,
SYS_23310,6M Lbior,USD,-577,595,432,-1094,-2769,149,2278,-758,2249,426,,
SYS_23311,6M Lbior,USD,-1308,930,1082,636,495,1639,586,134,567,-96,,
SYS_23312,6M Lbior,USD,-204,754,-1615,243,-1335,1723,347,-621,-316,90,,
SYS_23313,6M Lbior,USD,282,-915,-814,-1513,641,-593,244,20,410,138,,
SYS_23314,6M Lbior,USD,-530,1002,-868,793,804,740,-422,-978,-148,908,,
SYS_23315,6M Lbior,USD,-1294,-207,-500,237,976,-202,-166,-5,-652,894,,
SYS_23316,6M Lbior,USD,-1415,419,618,550,768,-265,-1467,1647,370,1421,,
SYS_23317,6M Lbior,USD,-147,-2070,826,508,141,-1421,-388,-1615,861,-859,,
SYS_23318,6M Lbior,USD,1086,79,-28,-551,337,167,814,901,751,1347,,
SYS_23319,6M Lbior,USD,460,575,-107,69,-429,525,-713,-721,-374,-424,,
SYS_23320,6M Lbior,USD,1096,1307,-579,-1833,-47,-81,513,-213,354,99,,
SYS_23321,OIS,USD,-34,-1157,2348,1383,-78,215,-1170,666,-2374,769,,
SYS_23322,OIS,USD,-315,374,834,54,-1139,94,-129,-489,-359,26,,
SYS_23323,OIS,USD,-1557,-621,-3207,-95,-243,-954,1214,898,1311,-940,,
SYS_23324,OIS,USD,798,-1349,-1640,-894,-334,259,-251,-90,97,-1294,,
SYS_23325,OIS,USD,1043,-103,-1750,147,-520,-182,624,-2573,-285,1080,,
SYS_23326,OIS,USD,-124,133,-148,-720,972,24,-478,-1004,-1414,827,,
SYS_23327,OIS,USD,-654,-303,1728,-83,-125,752,-1485,315,-181,662,,
SYS_23328,OIS,USD,464,-37,1853,-982,-1314,1344,391,-540,1684,-1039,,
SYS_23329,OIS,USD,656,893,-393,-1273,84,-286,-935,1117,866,1183,,
SYS_23330,OIS,USD,383,1146,268,592,-406,-396,1400,-156,502,-194,,
SYS_23331,OIS,USD,-59,1315,-340,477,-561,-374,-253,-331,-1307,346,,
SYS_23332,OIS,USD,-10,-1307,-274,849,-207,-522,-1031,64,1093,-633,,
SYS_23333,OIS,USD,1599,-298,599,1416,222,107,-977,-511,1915,1191,,
SYS_23334,OIS,USD,-324,1027,-671,-1444,-100,-327,-2058,392,-389,-2239,,
SYS_23335,OIS,USD,408,307,-1286,1151,-33,271,159,531,1239,-1232,,
SYS_23336,OIS,USD,741,-442,-1392,1075,1808,-786,307,984,466,944,,
SYS_23337,OIS,USD,-239,1888,763,-1026,-706,-1759,1020,-1092,404,965,,
SYS_23338,OIS,USD,1096,-474,-1044,-1430,87,-187,-87,-960,-796,-636,,
SYS_23339,OIS,USD,-1106,-663,849,266,1034,423,140,-148,1294,-637,,
SYS_23340,OIS,USD,-941,-511,-535,577,-1277,2749,561,-693,-141,-70,,
SYS_23341,OIS,USD,1893,942,-257,-943,-1019,-37,265,233,-1686,210,,
SYS_23342,OIS,USD,-440,-397,-1787,616,1236,90,-990,-504,-776,487,,
SYS_23343,OIS,USD,-221,-1137,1805,-1821,-2682,-524,-1462,-130,577,802,,
SYS_23344,OIS,USD,-826,754,-2145,594,1554,1131,-1677,2218,-1073,-1159,,
SYS_23345,OIS,USD,-747,-1266,-235,586,103,1872,-2535,-66,-802,-112,,
SYS_23346,OIS,USD,-824,-126,1357,-251,-250,-775,-966,-1676,1638,2042,,
SYS_23347,OIS,USD,-1351,-179,-1233,-385,-1138,729,-2652,-1217,2005,-317,,
SYS_23348,OIS,USD,-2308,458,-552,-1100,-76,163,-337,-1620,-1075,459,,
SYS_23349,OIS,USD,-61,1487,-534,339,1596,540,1098,1866,547,-139,,
SYS_23350,OIS,USD,59,-77,-162,196,-953,-229,1418,-365,356,-3107,,
SYS_23351,OIS,USD,1171,-1265,-1242,894,831,-685,-1452,-101,-2030,587,,
SYS_23352,OIS,USD,-448,-498,559,564,870,110,963,-466,718,-525,,
SYS_23353,OIS,USD,947,-1095,-1197,-830,-1021,-515,-169,-1476,-534,-1623,,
SYS_23354,OIS,USD,-190,-1641,-85,-592,-363,-2521,227,-1007,-510,-270,,
SYS_23355,OIS,USD,790,-326,313,-147,1726,1529,209,1273,468,-907,,
SYS_23356,OIS,USD,109,-1111,-2255,1418,199,1142,-208,-439,1913,-370,,
SYS_23357,OIS,USD,-173,162,-72,-922,-727,417,590,322,818,654,,
SYS_23358,OIS,USD,784,711,600,-1570,-1176,-1636,83,1241,2995,909,,
SYS_23359,OIS,USD,-322,1186,459,-529,-1976,692,-532,194,-901,-1748,,
SYS_23360,OIS,USD,1252,-853,790,717,-201,551,-105,458,-881,1717,,
SYS_23361,OIS,USD,889,-1757,407,-347,495,-28,1557,-2055,-1766,-1906,,
SYS_23362,OIS,USD,1777,956,205,437,438,73,1344,671,-893,910,,
SYS_23363,OIS,USD,-878,-75,-416,-179,-1280,452,-137,-322,-849,-257,,
SYS_23364,OIS,USD,768,-893,-425,-723,279,-228,-510,-1894,-714,-1089,,
SYS_23365,OIS,USD,-368,1625,1356,1122,675,-134,-1583,-83,3031,-952,,
SYS_23366,OIS,USD,500,21,1690,-485,-67,822,-255,-51,-672,-499,,
SYS_23367,OIS,USD,-549,152,110,-236,-443,456,1040,27,2085,528,,
SYS_23368,OIS,USD,-854,-1276,386,-225,913,-600,-1221,762,-235,409,,
SYS_23369,OIS,USD,1267,-141,811,1792,765,1413,-4,1577,2196,44,,
SYS_23370,OIS,USD,-1461,-1571,-360,127,169,306,-1720,1100,-1152,489,,
SYS_23371,OIS,USD,1337,-905,-1830,26,-348,-428,-900,814,452,1157,,
SYS_23372,OIS,USD,-469,145,-9,-1039,2584,1317,646,-530,376,-182,,
SYS_23373,OIS,USD,-137,-577,456,178,855,-216,1789,620,-2447,-104,,
SYS_23374,OIS,USD,541,-342,-1548,871,2635,1148,-760,807,-1762,190,,
SYS_23375,OIS,USD,-730,300,-193,59,1836,-1979,-405,-86,543,-1242,,
SYS_23376,OIS,USD,-916,558,371,-192,-357,-835,867,1053,1165,141,,
SYS_23377,OIS,USD,-1823,-601,-253,-309,-881,171,-354,272,-717,-2444,,
SYS_23378,OIS,USD,1627,-904,-361,79,-303,925,710,1751,-238,-923,,
SYS_23379,OIS,USD,-472,431,-271,-989,616,674,1698,566,-431,-752,,
SYS_23380,OIS,USD,-29,879,-783,-581,114,1792,948,-1234,-148,-1886,,
SYS_23381,OIS,USD,499,-330,-2504,201,-231,852,1196,322,287,-2469,,
SYS_23382,OIS,USD,-561,2153,-2933,1663,283,-1641,-1110,-761,918,-595,,
SYS_23383,OIS,USD,-1138,112,-2749,-1173,1468,270,-2363,724,-540,623,,
SYS_23384,OIS,USD,190,-337,-1009,-198,992,-1093,44,-600,405,-2224,,
SYS_23385,OIS,USD,93,-333,308,-731,1781,237,-871,149,157,1795,,
SYS_23386,OIS,USD,1031,-98,575,-49,415,-2100,941,86,-873,978,,
SYS_23387,OIS,USD,480,-250,-1098,694,-41,1070,267,340,260,-142,,
SYS_23388,OIS,USD,-113,1852,953,-228,182,459,-883,1171,55,750,,
SYS_23389,OIS,USD,-2374,-686,-95,-672,-228,-360,622,1558,1020,10,,
SYS_23390,OIS,USD,-1992,337,1157,607,69,-731,860,81,2447,-672,,
SYS_23391,OIS,USD,-353,-87,-1520,-301,-1488,374,984,-56,-129,682,,
SYS_23392,OIS,USD,-2035,484,661,8,295,-1855,-541,-977,53,-732,,
SYS_23393,OIS,USD,-820,-1216,1833,-2127,74,2177,-899,653,85,-110,,
SYS_23394,OIS,USD,-767,204,-594,-1034,-518,-1634,-1218,678,371,-836,,
SYS_23395,OIS,USD,-546,889,-1083,-859,-448,-460,824,246,-703,86,,
SYS_23396,OIS,USD,-362,-1067,-240,-1227,-2172,-642,-1374,-1277,183,-1082,,
SYS_23397,OIS,USD,-347,823,-1718,303,269,1830,-2094,468,-1286,142,,
SYS_23398,OIS,USD,684,922,-1627,-476,-361,-1248,223,-128,-2124,-1050,,
SYS_23399,OIS,USD,1291,720,280,953,-759,-237,504,-1761,719,410,,
SYS_23400,OIS,USD,-880,-915,-606,1132,642,735,-270,-1802,-1329,1164,,
SYS_23401,OIS,USD,-119,-1665,-120,574,991,-926,-868,-1127,372,781,,
SYS_23402,OIS,USD,950,-565,551,862,444,-372,597,-1504,-1585,-164,,
SYS_23403,OIS,USD,176,1284,160,73,38,-978,-1152,988,-95,-1087,,
SYS_23404,OIS,USD,-164,-994,1144,-335,162,448,120,1769,-898,1195,,
SYS_23405,OIS,USD,1260,-304,-493,-1924,1164,-624,1873,489,-675,-495,,
SYS_23406,OIS,USD,504,1525,-560,588,-660,697,335,-501,110,-1719,,
SYS_23407,OIS,USD,-210,555,2318,1641,-395,907,-146,1181,1051,1255,,
SYS_23408,OIS,USD,1343,1238,-2060,-110,-1449,800,-247,-228,1778,533,,
SYS_23409,OIS,USD,-191,40,584,-155,-43,456,1053,-411,-151,-1312,,
SYS_23410,OIS,USD,1139,-2676,368,1009,614,187,-1098,1039,1869,1550,,
SYS_23411,OIS,USD,-800,1078,1983,213,1983,-309,-648,-271,-1552,-1008,,
SYS_23412,OIS,USD,-1082,-904,-1024,-785,801,-701,4,1908,2133,420,,
SYS_23413,OIS,USD,-1724,-71,48,670,-498,-565,418,-617,800,-1416,,
SYS_23414,OIS,USD,154,1046,1085,-276,-2042,-535,-2444,449,97,-1449,,
SYS_23415,OIS,USD,-231,-1383,-2013,896,313,-1276,-1416,-1610,-67,-62,,
SYS_23416,OIS,USD,-532,-2227,916,107,-197,557,-351,-145,919,-939,,
SYS_23417,OIS,USD,-1125,-615,-976,-1889,914,481,561,-609,346,-2003,,
SYS_23418,OIS,USD,-1181,-85,797,-196,-987,-868,-519,-2135,-518,2258,,
SYS_23419,OIS,USD,-507,549,-51,220,-159,169,-1638,618,85,-323,,
SYS_23420,OIS,USD,-599,-421,-609,-393,-652,-559,1213,226,681,405,,
SYS_23421,6MEURIBOR,EUR,425,-630,626,289,-480,-1536,-1072,903,1550,1806,,
SYS_23422,6MEURIBOR,EUR,534,162,501,1031,-683,-35,984,1775,-236,-1586,,
SYS_23423,6MEURIBOR,EUR,-432,828,-1164,557,255,-272,1027,1042,375,282,,
SYS_23424,6MEURIBOR,EUR,1134,24,-916,-272,390,1827,1260,123,194,-1319,,
SYS_23425,6MEURIBOR,EUR,166,-1260,-1588,550,-1273,614,-394,580,-684,-526,,
SYS_23426,6MEURIBOR,EUR,-1997,-418,-1618,-1377,-16,-1010,806,364,-58,-392,,
SYS_23427,6MEURIBOR,EUR,-106,1358,969,803,121,149,439,-308,-802,-1385,,
SYS_23428,6MEURIBOR,EUR,-1213,-424,-16,671,432,686,803,1011,144,-843,,
SYS_23429,6MEURIBOR,EUR,-942,-500,1781,345,728,-623,127,-156,810,-30,,
SYS_23430,6MEURIBOR,EUR,-785,889,-83,-488,-170,-350,-211,-1478,-1189,-1205,,
SYS_23431,6MEURIBOR,EUR,599,57,-186,715,-483,-330,-325,-158,800,-423,,
SYS_23432,6MEURIBOR,EUR,491,670,-243,1145,918,-220,-441,-1884,-37,-743,,
SYS_23433,6MEURIBOR,EUR,988,-50,435,492,248,-566,-17,-2515,567,-285,,
SYS_23434,6MEURIBOR,EUR,1058,995,478,-300,-754,-2,1304,245,105,1308,,
SYS_23435,6MEURIBOR,EUR,1372,-2319,204,-1325,-2367,-1785,593,107,-312,569,,
SYS_23436,6MEURIBOR,EUR,54,-1245,-136,-458,1838,926,144,1785,1142,-261,,
SYS_23437,6MEURIBOR,EUR,391,-1113,-598,334,-1213,957,-674,194,-210,-806,,
SYS_23438,6MEURIBOR,EUR,-1445,543,727,-454,-1241,1102,-414,2615,-444,-518,,
SYS_23439,6MEURIBOR,EUR,-448,-464,1372,142,-226,1172,765,-77,965,-1118,,
SYS_23440,6MEURIBOR,EUR,-101,-1161,585,-1402,-525,1846,916,512,-609,1505,,
SYS_23441,6MEURIBOR,EUR,-553,-1034,-252,843,584,-263,-948,265,-1930,-1265,,
SYS_23442,6MEURIBOR,EUR,934,-318,-312,7,1661,1861,876,-971,-532,-557,,
SYS_23443,6MEURIBOR,EUR,504,-720,-944,455,505,-984,-294,634,-265,-103,,
SYS_23444,6MEURIBOR,EUR,-1337,-218,-701,36,-44,125,1527,2627,547,698,,
SYS_23445,6MEURIBOR,EUR,2170,1123,1489,1045,20,177,1638,361,-3046,-366,,
SYS_23446,6MEURIBOR,EUR,-664,-391,-887,-319,1772,-116,314,-82,36,-731,,
SYS_23447,6MEURIBOR,EUR,-810,-644,104,727,-610,134,895,596,-370,128,,
SYS_23448,6MEURIBOR,EUR,476,454,-232,1761,1286,-744,-51,-22,-654,759,,
SYS_23449,6MEURIBOR,EUR,320,783,1309,-1177,-1042,-509,875,716,1020,-710,,
SYS_23450,6MEURIBOR,EUR,-821,-1023,-221,1246,-30,383,407,456,-200,1,,
SYS_23451,6MEURIBOR,EUR,522,-1050,-1320,295,747,-841,36,-234,975,1217,,
SYS_23452,6MEURIBOR,EUR,-662,-39,263,1483,-1730,-43,-884,-153,605,892,,
SYS_23453,6MEURIBOR,EUR,2022,1166,19,267,1540,883,940,317,1818,-134,,
SYS_23454,6MEURIBOR,EUR,1065,-101,-73,59,1855,655,973,166,-1362,518,,
SYS_23455,6MEURIBOR,EUR,1268,-1738,-378,776,-1088,-143,2205,592,526,1015,,
SYS_23456,6MEURIBOR,EUR,710,594,1390,1571,3023,-1280,2,-1170,-42,-991,,
SYS_23457,6MEURIBOR,EUR,-1803,220,-806,230,1692,-1423,-339,-1130,341,-865,,
SYS_23458,6MEURIBOR,EUR,-96,895,745,1205,2595,224,562,-1182,229,80,,
SYS_23459,6MEURIBOR,EUR,1080,-681,2189,42,1008,-1066,806,142,242,218,,
SYS_23460,6MEURIBOR,EUR,-209,342,2466,1947,-1287,-555,-784,1089,-302,673,,
SYS_23461,6MEURIBOR,EUR,-30,-322,-2124,1171,-403,-2189,401,629,-1327,1359,,
SYS_23462,6MEURIBOR,EUR,-709,-2435,314,-1899,19,-1162,-790,-381,57,-528,,
SYS_23463,6MEURIBOR,EUR,-3,325,300,-453,-696,362,449,-370,-1263,218,,
SYS_23464,6MEURIBOR,EUR,-1113,-31,3401,136,409,-204,-582,454,990,1705,,
SYS_23465,6MEURIBOR,EUR,-461,1535,1024,395,607,-755,-89,-312,753,235,,
SYS_23466,6MEURIBOR,EUR,-330,-1577,-617,-464,-1250,-195,-68,765,290,2742,,
SYS_23467,6MEURIBOR,EUR,-696,294,757,-1115,-1645,-416,940,-337,-1871,746,,
SYS_23468,6MEURIBOR,EUR,-1394,1232,616,-99,1085,-303,504,77,-1936,-1981,,
SYS_23469,6MEURIBOR,EUR,110,-1662,-1774,1873,657,-254,1495,-2055,386,614,,
SYS_23470,6MEURIBOR,EUR,-1112,942,-1689,1912,-15,-306,851,-32,-26,-1502,,
SYS_23471,6MEURIBOR,EUR,931,1111,1657,-1354,1451,1314,-648,15,908,-539,,
SYS_23472,6MEURIBOR,EUR,-271,554,946,-1585,707,197,115,-668,-908,-1188,,
SYS_23473,6MEURIBOR,EUR,-1975,-3194,1939,1105,528,-431,11,960,530,1381,,
SYS_23474,6MEURIBOR,EUR,-1037,-642,445,-932,-1679,3842,838,1050,122,681,,
SYS_23475,6MEURIBOR,EUR,-898,61,829,2399,-801,-1217,-513,966,-1439,1429,,
SYS_23476,6MEURIBOR,EUR,1858,309,-1149,-683,-225,96,-909,-1829,-1609,2625,,
SYS_23477,6MEURIBOR,EUR,-65,519,992,-1266,-343,183,2867,2217,49,-1752,,
SYS_23478,6MEURIBOR,EUR,745,-682,399,1180,-1,-441,154,1102,1848,-1342,,
SYS_23479,6MEURIBOR,EUR,37,-1198,-157,-399,725,-568,-673,462,-704,-1524,,
SYS_23480,6MEURIBOR,EUR,-199,-564,-1148,-1543,-1165,-1028,-51,219,-84,-484,,
SYS_23481,6MEURIBOR,EUR,102,-362,-1,71,1143,478,829,-1335,-1969,-1163,,
SYS_23482,6MEURIBOR,EUR,203,-1225,951,-894,727,-2474,-1773,-1376,953,57,,
SYS_23483,6MEURIBOR,EUR,-221,-1475,1381,-1969,1601,-276,-1325,-323,-337,-244,,
SYS_23484,6MEURIBOR,EUR,-1057,-1019,242,1073,973,91,-628,1322,-2248,125,,
SYS_23485,6MEURIBOR,EUR,-1874,1026,8,-1532,717,-1046,-981,-732,-476,749,,
SYS_23486,6MEURIBOR,EUR,-2128,576,-2245,-370,1175,-160,7,-741,-312,-1089,,
SYS_23487,6MEURIBOR,EUR,-965,1107,699,216,523,657,-225,302,-1808,-907,,
SYS_23488,6MEURIBOR,EUR,11,1205,-555,-995,325,55,1012,446,1115,133,,
SYS_23489,6MEURIBOR,EUR,-651,344,-802,-485,-1091,1176,481,401,381,-605,,
SYS_23490,6MEURIBOR,EUR,-1106,-759,822,-72,-1564,234,-1043,-310,-269,75,,
SYS_23491,6MEURIBOR,EUR,-944,830,413,-894,815,-426,-315,-80,-307,-1372,,
SYS_23492,6MEURIBOR,EUR,-1036,-237,830,-1237,-400,733,430,-648,625,587,,
SYS_23493,6MEURIBOR,EUR,37,-319,-1629,896,1624,-319,977,-1507,50,-588,,
SYS_23494,6MEURIBOR,EUR,-49,-174,-138,508,1276,-148,888,859,537,-558,,
SYS_23495,6MEURIBOR,EUR,-104,-334,-488,-1095,-1025,807,1166,1594,-649,714,,
SYS_23496,6MEURIBOR,EUR,-94,199,37,117,-387,1,-1242,-287,1313,853,,
SYS_23497,6MEURIBOR,EUR,447,-1187,1267,1213,-244,-64,444,129,1305,-1006,,
SYS_23498,6MEURIBOR,EUR,-1299,759,1656,-979,493,2522,933,-170,863,-1213,,
SYS_23499,6MEURIBOR,EUR,-376,-467,-422,-1403,-403,1679,768,-590,85,1965,,
SYS_23500,6MEURIBOR,EUR,-1191,19,663,605,-241,1141,-309,-270,-103,-466,,
SYS_23501,6MEURIBOR,EUR,1289,-1095,179,-1123,24,718,367,-1102,235,1585,,
SYS_23502,6MEURIBOR,EUR,392,1627,-938,40,1051,2133,1982,1394,311,122,,
SYS_23503,6MEURIBOR,EUR,-614,-636,-385,801,-986,-1318,-548,728,-42,-349,,
SYS_23504,6MEURIBOR,EUR,754,-98,1415,369,454,1726,167,-1173,180,313,,
SYS_23505,6MEURIBOR,EUR,48,-284,-66,84,594,228,104,1673,441,1404,,
SYS_23506,6MEURIBOR,EUR,506,-1163,-1089,-1910,43,-986,312,-359,-302,-375,,
SYS_23507,6MEURIBOR,EUR,283,1680,-984,227,-354,631,-31,-615,-425,1001,,
SYS_23508,6MEURIBOR,EUR,1282,-188,1616,2247,1065,-365,793,-152,1759,148,,
SYS_23509,6MEURIBOR,EUR,1802,235,-419,-793,656,548,151,-1641,-1222,932,,
SYS_23510,6MEURIBOR,EUR,-1960,938,-158,-285,-848,-739,1290,321,305,-41,,
SYS_23511,6MEURIBOR,EUR,886,-874,-1354,-205,0,-1182,1404,-482,1458,298,,
SYS_23512,6MEURIBOR,EUR,530,-588,460,610,-174,-139,-66,-267,-120,778,,
SYS_23513,6MEURIBOR,EUR,1241,1578,-1240,776,-207,121,-29,885,2,475,,
SYS_23514,6MEURIBOR,EUR,-794,-188,751,-1346,316,-294,-1377,-482,-488,543,,
SYS_23515,6MEURIBOR,EUR,-14,-435,-284,-14,1344,-595,-304,1003,-15,978,,
SYS_23516,OIS,EUR,-842,230,34,-449,-1709,-761,810,1906,443,445,,
SYS_23517,OIS,EUR,-251,-170,1569,-455,764,-1215,-1888,-2340,1207,-625,,
SYS_23518,OIS,EUR,-784,-708,293,-127,446,-9,-1686,-422,-1147,995,,
SYS_23519,OIS,EUR,686,-160,990,301,845,655,774,159,188,1044,,
SYS_23520,OIS,EUR,-214,-1623,-1152,143,-2385,911,-983,-18,1064,1220,,
SYS_23521,OIS,EUR,-321,908,-404,-1917,-843,-20,-710,-50,664,-948,,
SYS_23522,OIS,EUR,-1099,-586,2102,-653,-159,1351,1098,-1182,825,298,,
SYS_23523,OIS,EUR,175,-1771,-199,-1272,-60,1249,-1037,1657,-1646,-1175,,
SYS_23524,OIS,EUR,489,55,-534,1926,1524,229,1535,350,859,117,,
SYS_23525,OIS,EUR,1724,-852,-221,-241,498,-2179,-1326,-192,-1330,78,,
SYS_23526,OIS,EUR,-1295,274,-368,-1780,-199,1151,102,-154,338,-950,,
SYS_23527,OIS,EUR,-411,98,-1091,-480,482,1223,739,1056,-520,579,,
SYS_23528,OIS,EUR,-1191,537,1307,2191,-29,1127,-949,-1387,1524,-2175,,
SYS_23529,OIS,EUR,-1011,-780,-748,-972,-530,-2264,-924,-430,479,-410,,
SYS_23530,OIS,EUR,-661,-428,574,1656,1048,209,1041,1185,-1032,-1030,,
SYS_23531,OIS,EUR,112,-747,1683,1117,-1315,-625,-186,625,-6,-23,,
SYS_23532,OIS,EUR,-1130,-125,-2364,180,-655,-456,97,771,-38,-400,,
SYS_23533,OIS,EUR,138,1328,-399,532,370,-793,24,106,-287,-198,,
SYS_23534,OIS,EUR,1378,-771,528,-495,-1149,1070,-481,1426,924,-97,,
SYS_23535,OIS,EUR,61,1435,1100,-247,1197,-1074,795,67,-2791,900,,
SYS_23536,OIS,EUR,-960,474,-1397,261,723,1592,-339,1001,901,-470,,
SYS_23537,OIS,EUR,-963,-1100,-168,-822,220,740,-69,-253,351,2911,,
SYS_23538,OIS,EUR,848,1430,1214,600,-345,-127,-533,339,1678,305,,
SYS_23539,OIS,EUR,-262,-669,-1372,-1949,-65,-1696,1318,-1108,1356,-2655,,
SYS_23540,OIS,EUR,31,1599,-389,869,261,407,837,-1502,1116,-1132,,
SYS_23541,OIS,EUR,-225,492,-2001,-258,-2620,1245,1211,-1431,-1719,1324,,
SYS_23542,OIS,EUR,-199,1074,-813,1148,-1163,1770,-758,-2327,500,681,,
SYS_23543,OIS,EUR,-1354,69,-334,-365,-341,-314,1060,89,567,-483,,
SYS_23544,OIS,EUR,-790,209,-617,-389,450,175,-1452,-1395,572,449,,
SYS_23545,OIS,EUR,-843,2114,-289,1300,542,-1137,-842,2108,-1255,-177,,
SYS_23546,OIS,EUR,190,485,-44,1256,-886,-250,1548,1549,-1024,-837,,
SYS_23547,OIS,EUR,-14,-566,-131,-815,-1159,-30,-64,67,-1446,256,,
SYS_23548,OIS,EUR,-952,96,-1148,-1837,195,915,1558,-1218,-619,-33,,
SYS_23549,OIS,EUR,-955,-273,110,-744,-82,-687,850,938,-1505,667,,
SYS_23550,OIS,EUR,2303,-189,-1415,-232,85,-372,-956,748,458,728,,
SYS_23551,OIS,EUR,731,-205,250,1146,-98,-283,-666,-1391,650,206,,
SYS_23552,OIS,EUR,-501,771,687,-1069,-1212,-1409,-867,-320,-1428,-560,,
SYS_23553,OIS,EUR,-1914,-807,-282,-298,-882,727,-77,-573,1193,-1951,,
SYS_23554,OIS,EUR,-1535,-870,514,-1000,-304,808,-1141,91,-832,173,,
SYS_23555,OIS,EUR,596,1652,-430,-1462,-64,-1403,-437,-401,235,621,,
SYS_23556,OIS,EUR,1321,-385,-290,1231,1326,404,-444,-1277,-573,-1008,,
SYS_23557,OIS,EUR,-2012,-755,1603,-1217,-902,-1285,1462,-514,-452,-1182,,
SYS_23558,OIS,EUR,672,164,-582,-562,-283,-47,-745,716,765,87,,
SYS_23559,OIS,EUR,-302,-182,-773,-46,2135,29,339,-719,780,871,,
SYS_23560,OIS,EUR,-1809,-1689,315,17,-950,-704,-428,-925,477,-426,,
SYS_23561,OIS,EUR,102,1511,659,716,216,-480,121,-1861,-861,1303,,
SYS_23562,OIS,EUR,160,175,-1616,-759,1936,-1574,1599,1638,-906,37,,
SYS_23563,OIS,EUR,294,1563,902,1453,-2425,-989,-1200,524,-1825,2156,,
SYS_23564,OIS,EUR,-1171,564,94,1552,186,-643,243,-207,1399,391,,
SYS_23565,OIS,EUR,970,-327,-439,749,1201,104,-1003,-359,456,-715,,
SYS_23566,OIS,EUR,543,-542,454,-810,672,478,756,349,483,-2107,,
SYS_23567,OIS,EUR,1649,735,659,-940,-355,-689,-1032,154,-1650,334,,
SYS_23568,OIS,EUR,357,-916,1213,-868,-671,1154,1517,-109,820,191,,
SYS_23569,OIS,EUR,1092,164,1205,777,226,2005,2230,-1252,870,91,,
SYS_23570,OIS,EUR,-467,-1140,80,-163,-1324,-369,-412,-1177,1427,191,,
SYS_23571,OIS,EUR,-89,380,1168,-368,-311,122,-1876,-2181,-1719,530,,
SYS_23572,OIS,EUR,1497,839,-67,-586,1497,228,732,-618,568,1211,,
SYS_23573,OIS,EUR,-614,306,2325,-335,-2413,111,617,871,-1387,2207,,
SYS_23574,OIS,EUR,1117,308,-1074,912,981,960,278,763,1301,622,,
SYS_23575,OIS,EUR,946,430,408,-1872,698,1181,229,644,-250,704,,
SYS_23576,OIS,EUR,-1042,335,265,859,-858,-28,-280,-487,-643,2124,,
SYS_23577,OIS,EUR,-53,-187,-13,-202,-989,-1033,660,-998,-967,-323,,
SYS_23578,OIS,EUR,351,2062,502,-266,-1373,-929,-689,-1881,-1109,406,,
SYS_23579,OIS,EUR,-98,788,90,1017,97,-984,1876,358,-76,292,,
SYS_23580,OIS,EUR,-500,-704,522,-934,1009,-1274,-287,-510,1117,845,,
SYS_23581,OIS,EUR,1385,2240,75,-1214,909,227,-363,-1648,672,101,,
SYS_23582,OIS,EUR,-336,-936,526,-426,-1016,1590,-1412,1421,1155,-303,,
SYS_23583,OIS,EUR,919,2041,97,1023,-853,-1144,-35,-838,-96,255,,
SYS_23584,OIS,EUR,-4,-1154,-2444,-185,-225,1232,-951,274,400,-334,,
SYS_23585,OIS,EUR,-354,-299,336,74,398,-1580,-481,-681,35,-78,,
SYS_23586,OIS,EUR,-2354,459,836,233,365,1932,539,-443,62,413,,
SYS_23587,OIS,EUR,882,-2242,1774,-246,1112,395,361,-39,-13,-91,,
SYS_23588,OIS,EUR,-898,706,-109,480,813,-339,354,-663,-362,2132,,
SYS_23589,OIS,EUR,-219,-402,2652,1275,95,-538,-401,521,-711,2269,,
SYS_23590,OIS,EUR,237,942,362,-949,294,901,-821,799,-1220,-82,,
SYS_23591,OIS,EUR,-476,941,-895,686,497,610,-679,641,672,1197,,
SYS_23592,OIS,EUR,404,-571,325,-693,2487,934,1718,221,-255,-2419,,
SYS_23593,OIS,EUR,-1317,-86,1074,-112,1553,-345,1024,-123,-2152,-1251,,
SYS_23594,OIS,EUR,-689,916,1599,-1985,1465,800,3170,1710,1500,-1270,,
SYS_23595,OIS,EUR,1103,162,290,-882,-557,-1975,498,355,687,312,,
SYS_23596,OIS,EUR,236,811,1029,-584,-2154,542,-62,92,-1434,-525,,
SYS_23597,OIS,EUR,174,-1777,2867,1474,-79,-1784,571,-816,257,1777,,
SYS_23598,OIS,EUR,-503,-469,372,164,425,368,879,506,-504,1477,,
SYS_23599,OIS,EUR,-231,-800,658,1020,-357,-1263,-545,-1056,834,-564,,
SYS_23600,OIS,EUR,681,-641,-201,-942,1054,227,697,16,1179,-639,,
SYS_23601,OIS,EUR,2637,-3,-346,417,77,897,-599,-1,1211,-205,,
SYS_23602,OIS,EUR,239,513,-908,923,530,1155,739,731,-129,664,,
SYS_23603,OIS,EUR,-710,1127,-365,-1084,-243,-655,957,3182,-93,601,,
SYS_23604,OIS,EUR,799,-1243,1791,-63,331,857,652,1272,1565,38,,
SYS_23605,OIS,EUR,-14,55,974,-417,-1195,194,-399,-24,-4,-647,,
SYS_23606,OIS,EUR,753,1219,1347,-840,-240,374,351,-889,-60,720,,
SYS_23607,OIS,EUR,-2083,380,964,865,165,1690,-1001,952,-566,-1595,,
SYS_23608,OIS,EUR,-866,-372,1226,-44,1005,429,-1819,-658,216,-824,,
SYS_23609,OIS,EUR,-681,582,-1337,-367,547,1019,-153,-257,43,-1995,,
SYS_23610,OIS,EUR,1123,1261,354,1174,-146,-442,-1055,-998,95,-752,,
SYS_23611,OIS,EUR,1580,-905,229,226,284,1511,1773,1252,105,-543,,
SYS_23612,OIS,EUR,-342,-145,-2848,-126,676,-404,-511,-1865,-1811,1413,,
SYS_23613,OIS,EUR,591,1997,309,893,-474,482,-1442,127,-446,-86,,
SYS_23614,OIS,EUR,1210,1220,-581,969,595,510,-52,441,-1481,373,,
SYS_23615,OIS,EUR,-1968,785,414,76,-1941,1304,354,-138,-1005,352,,
SYS_23616,OIS,EUR,840,367,-791,-205,1144,-407,966,2157,-773,-669,,
SYS_23617,OIS,EUR,-2106,-233,1056,-1183,373,-781,-784,-1599,236,349,,
SYS_23618,OIS,EUR,183,1602,384,-66,-65,536,1107,507,-959,431,,
SYS_23619,OIS,EUR,10,-834,-331,1287,-726,1142,-526,554,650,-375,,
SYS_23620,OIS,EUR,-258,-1172,-249,455,311,312,-971,-844,585,1734,,
SYS_23621,OIS,EUR,-423,1534,-228,-742,-345,734,1008,-1259,-389,221,,
SYS_23622,OIS,EUR,-556,-204,-351,1399,-210,1529,-514,-1998,-1263,142,,
SYS_23623,OIS,EUR,-294,-1935,-986,678,1627,-1207,1292,37,678,-522,,
SYS_23624,OIS,EUR,1418,257,-329,966,-1632,-423,1289,608,975,763,,
SYS_23625,OIS,EUR,211,22,-59,46,86,352,356,1279,-748,541,,
SYS_23626,OIS,EUR,-2042,1429,1174,1231,-1314,367,-237,599,1528,-484,,
SYS_23627,OIS,EUR,-1331,526,91,-1370,365,641,-4,32,736,-1469,,
SYS_23628,OIS,EUR,123,461,1750,96,643,-888,253,1100,737,1012,,
SYS_23629,OIS,EUR,-1337,1378,-473,-641,-1125,-19,878,-828,864,438,,
SYS_23630,OIS,EUR,4,1622,412,-731,-494,-206,-315,-743,-572,-222,,
SYS_23631,OIS,EUR,-642,-958,-1200,425,-1040,1355,306,-1594,1416,710,,
SYS_23632,OIS,EUR,178,618,-645,857,821,-191,910,-1852,1687,661,,
SYS_23633,OIS,EUR,-99,-646,1297,665,549,-288,-1976,37,-1406,-1878,,
SYS_23634,OIS,EUR,-74,-1324,-128,-1621,508,9,-1260,-1983,-883,-1003,,
SYS_23635,OIS,EUR,368,-1049,979,-177,-300,462,766,456,-230,-337,,
SYS_23636,OIS,EUR,-826,-31,1767,1835,1990,-124,-606,-496,-34,-859,,
SYS_23637,OIS,EUR,104,-1898,396,-2062,-878,-236,-51,1112,-1577,-198,,
SYS_23638,OIS,EUR,-1665,1528,498,-8,-273,558,-286,3315,-1125,477,,
SYS_23639,OIS,EUR,-1052,-2200,-618,138,-902,-205,-1327,-829,-966,863,,
SYS_23640,OIS,EUR,96,-891,955,-625,1753,-1521,-1182,188,510,-431,,
SYS_23641,OIS,EUR,62,883,-434,-708,737,1564,-1306,-650,-37,-283,,
SYS_23642,OIS,EUR,-698,55,-1572,-1080,1207,2033,-575,-256,-1041,143,,
SYS_23643,OIS,EUR,2296,-431,-1624,-1168,-532,1544,-1676,10,392,134,,
SYS_23644,OIS,EUR,241,-287,-519,-1604,544,-467,-340,-619,970,396,,
SYS_23645,OIS,EUR,-966,309,-1771,444,1658,183,947,518,510,1024,,
SYS_23646,6M LIBOR,GBP,197,-80,-1189,-2419,1490,99,189,-250,-1267,-1996,,
SYS_23647,6M LIBOR,GBP,2326,2886,-82,-204,-84,-959,-337,993,683,1407,,
SYS_23648,6M LIBOR,GBP,66,-272,-820,328,1905,-2059,-214,823,1263,138,,
SYS_23649,6M LIBOR,GBP,-1086,1074,-410,-525,555,256,-1216,1207,192,-981,,
SYS_23650,6M LIBOR,GBP,1026,557,-1222,-774,327,603,-313,-445,-1708,1099,,
SYS_23651,6M LIBOR,GBP,1981,2982,-1159,1141,401,-2,-1909,1078,919,1598,,
SYS_23652,6M LIBOR,GBP,1437,-521,288,485,1489,926,552,102,147,34,,
SYS_23653,6M LIBOR,GBP,-11,1233,82,-1515,760,-898,-185,33,449,1096,,
SYS_23654,6M LIBOR,GBP,2469,1112,1122,-648,270,-255,1043,-56,597,1228,,
SYS_23655,6M LIBOR,GBP,-470,910,761,234,-255,638,-319,-798,981,1350,,
SYS_23656,6M LIBOR,GBP,-616,466,875,-234,1557,2218,71,42,-695,1215,,
SYS_23657,6M LIBOR,GBP,-592,-641,-2489,603,-1711,-1212,2284,-903,-228,1802,,
SYS_23658,6M LIBOR,GBP,-1228,-780,1008,1111,-389,2412,-1569,200,-752,-1631,,
SYS_23659,6M LIBOR,GBP,239,-116,-607,121,-601,499,-294,791,497,-11,,
SYS_23660,6M LIBOR,GBP,-26,1112,-280,-981,-240,611,1246,331,-483,-407,,
SYS_23661,6M LIBOR,GBP,-745,40,713,-374,-1242,-851,169,1861,-168,1477,,
SYS_23662,6M LIBOR,GBP,183,-445,-619,161,324,-877,1463,1159,554,-930,,
SYS_23663,6M LIBOR,GBP,-339,-1581,274,-326,-11,-333,-1730,167,239,86,,
SYS_23664,6M LIBOR,GBP,411,1278,-36,1019,815,-781,270,188,-277,1268,,
SYS_23665,6M LIBOR,GBP,382,435,-1836,-158,1423,-538,-188,209,-1331,-657,,
SYS_23666,6M LIBOR,GBP,-543,-581,-138,815,-1459,-730,-361,976,-522,-425,,
SYS_23667,6M LIBOR,GBP,-1270,-816,-1129,790,365,928,1007,-1117,298,-206,,
SYS_23668,6M LIBOR,GBP,876,-1553,-1226,943,697,-916,-240,-366,805,275,,
SYS_23669,6M LIBOR,GBP,-345,-596,-1728,321,230,1652,-286,-907,-1925,446,,
SYS_23670,6M LIBOR,GBP,-1297,102,-1019,486,1095,976,-150,-65,-1362,949,,
SYS_23671,6M LIBOR,GBP,-850,859,1008,371,10,244,-188,716,-401,-1201,,
SYS_23672,6M LIBOR,GBP,1139,-1585,333,101,-268,-1055,-663,-161,-1339,1090,,
SYS_23673,6M LIBOR,GBP,940,-1046,1165,-1324,-614,427,-1888,817,1290,2058,,
SYS_23674,6M LIBOR,GBP,-747,-139,-889,-83,111,657,836,-462,-674,844,,
SYS_23675,6M LIBOR,GBP,-1043,227,1079,313,-1636,877,-467,-913,419,877,,
SYS_23676,6M LIBOR,GBP,668,913,-343,485,306,-501,669,-16,950,-507,,
SYS_23677,6M LIBOR,GBP,-439,466,4,57,-822,819,2655,-359,-697,15,,
SYS_23678,6M LIBOR,GBP,1956,-489,-2354,-99,1838,1336,-1465,-9537,-464,-58,,
SYS_23679,6M LIBOR,GBP,948,-558,1748,19,89,1117,968,1342,444,-924,,
SYS_23680,6M LIBOR,GBP,-17,1477,-491,-1503,455,-2241,398,954,-488,-259,,
SYS_23681,6M LIBOR,GBP,-338,866,1146,596,1272,-1546,-147,-193,-208,-901,,
SYS_23682,6M LIBOR,GBP,-176,-890,111,660,-370,-566,15,-178,145,-1918,,
SYS_23683,6M LIBOR,GBP,1293,-306,-568,-1146,560,812,-1672,-613,576,-591,,
SYS_23684,6M LIBOR,GBP,360,442,2160,-1758,687,1119,173,-301,156,202,,
SYS_23685,6M LIBOR,GBP,-1299,227,-807,1124,-298,554,245,-201,613,-633,,
SYS_23686,6M LIBOR,GBP,-346,-857,-1383,-206,-2,-640,466,418,-135,-1584,,
SYS_23687,6M LIBOR,GBP,-363,-16,-1011,1268,-890,-937,1656,2133,138,-1480,,
SYS_23688,6M LIBOR,GBP,354,524,-260,261,693,-25,522,-335,-316,-1382,,
SYS_23689,6M LIBOR,GBP,1567,-205,-366,-368,361,-618,-100,277,366,361,,
SYS_23690,6M LIBOR,GBP,-728,103,-462,-19,-1495,535,-389,-414,-427,566,,
SYS_23691,6M LIBOR,GBP,-944,-184,-2286,-2372,1218,722,508,-203,330,158,,
SYS_23692,6M LIBOR,GBP,-209,-377,-1016,-1273,-958,1069,774,153,64,-385,,
SYS_23693,6M LIBOR,GBP,-491,1026,-524,-532,-1101,1590,292,307,-1149,906,,
SYS_23694,6M LIBOR,GBP,-514,-1218,47,-218,-1614,361,-200,747,-905,-162,,
SYS_23695,6M LIBOR,GBP,-1338,810,-61,-792,430,447,1820,-118,-25,210,,
SYS_23696,6M LIBOR,GBP,-1386,177,463,144,-1478,-505,-1246,-934,-1489,-1365,,
SYS_23697,6M LIBOR,GBP,-117,-1658,805,340,-72,373,-962,344,-1140,-50,,
SYS_23698,6M LIBOR,GBP,1339,590,776,-813,-419,145,-1609,386,-142,-514,,
SYS_23699,6M LIBOR,GBP,96,-585,129,-637,-2166,-833,-9,1705,-457,-962,,
SYS_23700,6M LIBOR,GBP,613,-141,130,328,-662,-1071,497,-271,808,1524,,
SYS_23701,6M LIBOR,GBP,-201,1266,-1310,1124,-912,317,917,-915,-934,548,,
SYS_23702,6M LIBOR,GBP,957,1975,-62,-679,-301,-457,1155,-329,-1506,-1774,,
SYS_23703,6M LIBOR,GBP,409,155,1505,1596,1399,-497,498,1330,294,215,,
SYS_23704,6M LIBOR,GBP,-289,-260,2591,-876,-24,1145,128,17,749,791,,
SYS_23705,6M LIBOR,GBP,-951,459,1204,-145,338,665,-1599,153,-1304,868,,
SYS_23706,6M LIBOR,GBP,825,683,713,389,-1713,658,-424,-3742,317,273,,
SYS_23707,6M LIBOR,GBP,-76,863,-118,758,944,474,-311,-1091,1500,2035,,
SYS_23708,6M LIBOR,GBP,-1432,2124,-96,107,1277,-1386,-1166,489,-1375,480,,
SYS_23709,6M LIBOR,GBP,814,-223,-732,540,-1500,-283,-113,1320,1099,722,,
SYS_23710,6M LIBOR,GBP,-1223,-460,-657,-536,48,631,-939,1043,180,-76,,
SYS_23711,6M LIBOR,GBP,-1030,918,360,-556,676,-128,503,474,985,354,,
SYS_23712,6M LIBOR,GBP,-2178,-492,-354,-701,-110,1329,797,-303,241,-255,,
SYS_23713,6M LIBOR,GBP,1022,934,634,105,699,1660,-1060,1029,185,-432,,
SYS_23714,6M LIBOR,GBP,-212,-1370,880,-83,-230,-1149,-2045,508,302,-170,,
SYS_23715,6M LIBOR,GBP,-113,933,-200,1825,-42,25,-1421,770,1397,1239,,
SYS_23716,6M LIBOR,GBP,1424,-1291,1327,143,309,-995,105,-451,1407,228,,
SYS_23717,6M LIBOR,GBP,1016,1391,799,268,-536,-2303,-371,916,92,626,,
SYS_23718,6M LIBOR,GBP,155,1484,-177,-1140,1336,-1419,-1186,217,-710,-1066,,
SYS_23719,6M LIBOR,GBP,-713,1006,1454,790,1674,-12,-217,-56,1691,327,,
SYS_23720,6M LIBOR,GBP,-79,-402,-1339,136,-1316,-1567,757,-843,-38,275,,
SYS_23721,6M LIBOR,GBP,1016,-914,1526,-906,-3742,-1383,-1184,2130,16,2623,,
SYS_23722,6M LIBOR,GBP,286,-736,-518,873,-1134,-1047,-958,-444,-538,-831,,
SYS_23723,6M LIBOR,GBP,-1153,595,-143,-256,498,-399,-601,1163,-851,-155,,
SYS_23724,6M LIBOR,GBP,970,333,750,843,496,246,-899,1210,574,1439,,
SYS_23725,6M LIBOR,GBP,-947,-201,-245,464,-122,-1995,-1410,769,-1975,1303,,
SYS_23726,6M LIBOR,GBP,2012,-129,1758,-1102,72,1660,-497,127,830,1298,,
SYS_23727,6M LIBOR,GBP,-550,799,-75,1508,-176,46,-525,2391,781,-286,,
SYS_23728,6M LIBOR,GBP,-238,-1634,1392,521,-395,77,861,-320,-351,-913,,
SYS_23729,6M LIBOR,GBP,-621,-765,538,628,-1020,-1756,-148,-1266,1235,221,,
SYS_23730,6M LIBOR,GBP,425,-303,172,1814,-20,-69,-824,-215,755,224,,
SYS_23731,6M LIBOR,GBP,-315,-1332,1383,-210,954,934,551,-721,-626,-232,,
SYS_23732,6M LIBOR,GBP,237,700,1471,-143,-672,2252,-930,-609,1463,1084,,
SYS_23733,6M LIBOR,GBP,420,-1910,-230,1799,-466,-403,-1879,-1254,737,601,,
SYS_23734,6M LIBOR,GBP,401,-2103,-445,-990,-2254,2131,-599,1640,-556,383,,
SYS_23735,6M LIBOR,GBP,39,-451,-210,933,-463,1178,1418,99,-581,-465,,
SYS_23736,6M LIBOR,GBP,733,-1080,-1126,256,-1314,557,310,1666,-688,247,,
SYS_23737,6M LIBOR,GBP,-1435,1016,-2202,-485,778,-215,-34,301,1277,-307,,
SYS_23738,6M LIBOR,GBP,-212,-1830,-2072,2166,26,251,-1778,-2521,138,-1135,,
SYS_23739,6M LIBOR,GBP,5,-426,742,711,-1393,-873,-480,-1355,-451,-57,,
SYS_23740,6M LIBOR,GBP,-436,312,-366,-465,-121,1399,417,-446,-973,-1311,,
SYS_23741,6M LIBOR,GBP,339,196,1649,-1578,-2025,1277,207,-818,1659,-136,,
SYS_23742,6M LIBOR,GBP,47,1277,400,-1190,764,-123,221,995,-846,1806,,
SYS_23743,6M LIBOR,GBP,-1474,-641,28,701,-1129,1076,-1260,471,454,-1869,,
SYS_23744,6M LIBOR,GBP,1312,-1320,484,-978,-571,822,124,-710,-329,465,,
SYS_23745,6M LIBOR,GBP,-778,2162,562,-245,-418,-1147,413,1004,2891,660,,
SYS_23746,OIS,GBP,-250,304,-609,-521,-1750,-27,-886,-466,345,1054,,
SYS_23747,OIS,GBP,-499,-492,238,-842,124,1366,-412,600,-227,957,,
SYS_23748,OIS,GBP,382,1681,-597,154,171,247,1460,-59,-460,-64,,
SYS_23749,OIS,GBP,1603,-642,-1218,633,-1139,-667,-826,-820,280,594,,
SYS_23750,OIS,GBP,-699,-1291,964,288,-1031,1322,2714,704,183,638,,
SYS_23751,OIS,GBP,-863,-1007,-784,1149,996,-607,-1680,1019,214,1569,,
SYS_23752,OIS,GBP,524,818,-403,1255,-1641,-239,301,-187,-463,-819,,
SYS_23753,OIS,GBP,691,-698,393,-49,-538,-1800,68,287,-1397,799,,
SYS_23754,OIS,GBP,1849,-1149,-612,-367,1330,-869,1358,-335,363,1391,,
SYS_23755,OIS,GBP,-678,1632,698,-1034,-290,-478,-79,-1162,14,801,,
SYS_23756,OIS,GBP,647,505,-635,-816,-1144,-66,73,-424,534,314,,
SYS_23757,OIS,GBP,-1088,-692,-1729,217,811,-755,222,159,749,-642,,
SYS_23758,OIS,GBP,-310,2314,365,207,-18,856,124,-396,-1044,810,,
SYS_23759,OIS,GBP,-438,1789,1006,760,-1610,-1257,-119,1718,-1054,1440,,
SYS_23760,OIS,GBP,503,-1043,787,75,1008,-751,494,-793,-1029,126,,
SYS_23761,OIS,GBP,2115,29,886,367,-616,207,1511,1393,228,1793,,
SYS_23762,OIS,GBP,-244,580,-207,-739,-1777,-72,-438,194,1678,-786,,
SYS_23763,OIS,GBP,101,1138,99,-506,1388,-840,1658,147,465,-176,,
SYS_23764,OIS,GBP,66,310,-292,1006,-1874,1115,-222,-398,-1068,160,,
SYS_23765,OIS,GBP,119,-515,-1409,310,1132,61,735,527,195,-192,,
SYS_23766,OIS,GBP,-47,1569,1207,1297,-470,-1170,571,1875,-59,0,,
SYS_23767,OIS,GBP,-658,353,440,-1022,-1256,-1119,390,-1581,-1089,1441,,
SYS_23768,OIS,GBP,-812,574,643,403,131,308,194,-155,25,-545,,
SYS_23769,OIS,GBP,146,254,-200,-731,-1075,-261,-1086,54,360,544,,
SYS_23770,OIS,GBP,-1548,-317,510,-650,182,-185,116,-224,936,-2234,,
SYS_23771,OIS,GBP,-543,-1869,-663,-639,736,-72,609,-694,-833,-771,,
SYS_23772,OIS,GBP,727,2096,-468,-778,486,234,-1729,-272,-1100,-400,,
SYS_23773,OIS,GBP,-170,-158,1161,1383,-1592,-343,-662,330,-260,1135,,
SYS_23774,OIS,GBP,-731,1573,17,-1919,-171,2207,43,-382,-1661,-191,,
SYS_23775,OIS,GBP,-855,756,-1446,-230,-879,114,599,1492,-1240,210,,
SYS_23776,OIS,GBP,-52,-432,-1203,-403,332,-646,-927,510,730,1060,,
SYS_23777,OIS,GBP,320,1075,-1372,-104,-888,1530,1465,220,-1051,-1591,,
SYS_23778,OIS,GBP,-48,6,798,421,-3107,-1167,759,-2551,38,171,,
SYS_23779,OIS,GBP,353,-471,-332,-1106,2349,717,138,1617,465,342,,
SYS_23780,OIS,GBP,-860,-1253,-50,1149,-1142,207,64,-158,1740,428,,
SYS_23781,OIS,GBP,-1265,5,69,-757,2257,-1273,-1054,183,1866,-919,,
SYS_23782,OIS,GBP,163,-763,567,267,-1753,-511,374,-873,-205,1472,,
SYS_23783,OIS,GBP,1790,-747,391,-568,-21,196,337,638,-15,1093,,
SYS_23784,OIS,GBP,742,614,-1219,711,-770,654,226,1793,-1085,-1166,,
SYS_23785,OIS,GBP,1552,851,1369,-1944,-841,-1254,678,-512,1615,-590,,
SYS_23786,OIS,GBP,49,156,-797,-925,-571,-815,-70,782,-236,705,,
SYS_23787,OIS,GBP,1015,-828,367,-860,-918,-1523,-1155,300,-972,768,,
SYS_23788,OIS,GBP,362,-1810,-1079,737,-1098,32,637,-1097,837,3,,
SYS_23789,OIS,GBP,-1737,952,487,271,-276,1002,-620,233,35,-99,,
SYS_23790,OIS,GBP,801,1199,-1209,-1242,1200,-305,240,819,-432,888,,
SYS_23791,OIS,GBP,-1470,622,-396,-39,-510,-1137,-434,319,686,453,,
SYS_23792,OIS,GBP,19,-958,-364,878,-579,-731,-691,-725,884,-1526,,
SYS_23793,OIS,GBP,2422,640,372,701,292,1154,984,32,1460,-19,,
SYS_23794,OIS,GBP,-68,523,-147,435,1991,122,-131,-1381,-1095,554,,
SYS_23795,OIS,GBP,-118,-383,-724,-31,272,-416,-863,-2242,-526,-1969,,
SYS_23796,OIS,GBP,-1014,-1021,156,1283,-315,-173,-134,-78,1142,601,,
SYS_23797,OIS,GBP,-1899,1068,530,-1590,-861,-1386,-558,-801,1108,2950,,
SYS_23798,OIS,GBP,569,58,930,-120,-338,108,774,499,1033,1464,,
SYS_23799,OIS,GBP,1095,99,175,-524,-995,-292,1363,-355,-34,4,,
SYS_23800,OIS,GBP,-264,-1562,-1880,651,550,-1509,-1899,-1120,-1492,-345,,
SYS_23801,OIS,GBP,-1098,-280,719,-760,344,1421,-451,-446,-1034,-528,,
SYS_23802,OIS,GBP,-841,-340,-1954,712,-369,1023,-2623,803,578,-223,,
SYS_23803,OIS,GBP,-270,-686,995,-106,-399,-1005,563,-471,-192,317,,
SYS_23804,OIS,GBP,-1115,860,-1190,1490,28,-310,-161,-356,151,645,,
SYS_23805,OIS,GBP,-609,675,623,-1170,402,-440,1028,-1706,239,1100,,
SYS_23806,OIS,GBP,788,1045,277,334,445,750,434,-616,-84,884,,
SYS_23807,OIS,GBP,360,-1890,-438,-719,1633,-113,568,1759,148,-1968,,
SYS_23808,OIS,GBP,129,218,2010,806,-88,-278,-236,100,-226,-1661,,
SYS_23809,OIS,GBP,555,49,350,-363,-372,-709,-283,721,1953,-255,,
SYS_23810,OIS,GBP,-671,1614,586,-77,109,-622,-1624,1607,431,-387,,
SYS_23811,OIS,GBP,-1196,935,889,192,-288,-473,1584,776,556,-407,,
SYS_23812,OIS,GBP,-154,1422,-216,913,-438,-2221,343,-491,47,-1310,,
SYS_23813,OIS,GBP,56,-1924,1179,83,-27,594,472,-217,-1126,119,,
SYS_23814,OIS,GBP,-888,-440,-3207,-436,1222,-447,1257,-274,-681,-511,,
SYS_23815,OIS,GBP,779,-399,-359,346,-1651,2158,-117,-510,-736,661,,
SYS_23816,OIS,GBP,311,-424,1035,799,525,792,125,-744,490,-1287,,
SYS_23817,OIS,GBP,-972,146,331,-1317,1219,734,-371,-347,-902,-757,,
SYS_23818,OIS,GBP,2298,-308,294,886,338,-1536,-708,-273,-1157,-1134,,
SYS_23819,OIS,GBP,557,-1320,-553,1794,758,-70,218,-451,-558,-1436,,
SYS_23820,OIS,GBP,91,387,-192,-167,1163,-708,-721,-2119,907,-1194,,
SYS_23821,OIS,GBP,-804,-896,-498,952,2268,423,660,2163,1228,193,,
SYS_23822,OIS,GBP,2367,787,-197,163,-1060,-355,-249,-1911,1607,-910,,
SYS_23823,OIS,GBP,1137,-2218,-733,-515,-122,793,-394,741,-584,292,,
SYS_23824,OIS,GBP,1373,1401,-778,840,1178,1206,-105,-59,-773,-1339,,
SYS_23825,OIS,GBP,-884,-752,-718,2066,-22,-1967,992,909,-1229,148,,
SYS_23826,OIS,GBP,577,792,-674,-135,881,-848,-1439,-299,2136,-1295,,
SYS_23827,OIS,GBP,-1762,690,-478,-2132,612,674,1330,-893,-348,-44,,
SYS_23828,OIS,GBP,274,1933,259,-887,180,955,948,2582,-1561,75,,
SYS_23829,OIS,GBP,158,-453,-326,2042,-1029,-163,-410,-300,-244,-1049,,
SYS_23830,OIS,GBP,-625,-1783,-484,-560,587,141,121,1143,-1139,746,,
SYS_23831,OIS,GBP,941,179,-19,-1108,1178,-93,-705,1050,-1153,396,,
SYS_23832,OIS,GBP,51,250,540,652,1344,-2389,-1353,516,1414,871,,
SYS_23833,OIS,GBP,943,-992,-833,887,485,580,1092,235,703,-972,,
SYS_23834,OIS,GBP,859,-1313,665,-561,-29,2020,-1604,-803,-2109,1966,,
SYS_23835,OIS,GBP,1040,977,1878,-1855,718,-294,1101,64,-382,268,,
SYS_23836,OIS,GBP,472,-422,-2131,410,-429,-1623,45,-802,7,-1349,,
SYS_23837,OIS,GBP,610,759,641,-2380,873,964,-703,914,-163,662,,
SYS_23838,OIS,GBP,-811,73,-640,-1871,-892,656,-691,2022,-528,226,,
SYS_23839,OIS,GBP,-2184,-879,784,622,1435,-1802,618,814,1674,210,,
SYS_23840,OIS,GBP,-162,1342,-1250,-2238,-646,760,-62,-1517,-182,1158,,
SYS_23841,OIS,GBP,295,98,388,-665,-281,-291,2046,141,1527,-227,,
SYS_23842,OIS,GBP,868,427,1499,-1100,-203,438,787,993,2916,-66,,
SYS_23843,OIS,GBP,1380,-498,-33,960,907,-418,-753,-1507,2418,-7,,
SYS_23844,OIS,GBP,696,-599,-72,-781,562,-548,-1628,534,-875,-863,,
SYS_23845,OIS,GBP,1336,586,43,318,652,790,892,595,-1221,758,,
SYS_23846,OIS,GBP,-619,1599,-1205,52,34,82,-1433,-329,-1873,1662,,
SYS_23847,OIS,GBP,-289,-522,1844,-1697,-1011,162,-541,-854,1014,-143,,
SYS_23848,OIS,GBP,502,-548,33,-1235,-1370,658,1083,-1095,-768,-300,,
SYS_23849,OIS,GBP,527,542,-820,-100,-1822,-2549,-245,252,-328,1218,,
SYS_23850,OIS,GBP,245,1370,-87,-520,956,-1148,-1239,50,938,1436,,
SYS_23851,OIS,GBP,-1051,585,-286,-284,-304,1447,527,553,-37,1014,,
SYS_23852,OIS,GBP,1461,-1826,335,380,-2365,466,1602,-819,-1438,61,,
SYS_23853,OIS,GBP,-58,921,-308,1001,909,2100,-1045,-357,-1708,-917,,
SYS_23854,OIS,GBP,-614,991,-1190,-502,-802,1470,-189,479,-1382,278,,
SYS_23855,OIS,GBP,245,-772,-668,1993,-642,759,-241,438,1268,-760,,
SYS_23856,OIS,GBP,-50,543,-136,-649,-352,-1949,899,-46,685,-1,,
SYS_23857,OIS,GBP,1799,827,-1179,554,514,337,-1128,-625,997,-1663,,
SYS_23858,OIS,GBP,-39,1558,1701,-739,106,-217,-742,-201,391,1299,,
SYS_23859,OIS,GBP,589,891,251,-125,291,-143,-1521,-968,276,240,,
SYS_23860,OIS,GBP,27,-842,-1043,763,-255,565,271,765,-1080,405,,
SYS_23861,OIS,GBP,-1261,1001,486,266,-1258,-7,-922,-112,-107,-1497,,
SYS_23862,OIS,GBP,104,-644,-1859,-285,-137,1839,250,762,81,-333,,
SYS_23863,OIS,GBP,-1121,751,-479,-1979,-998,491,428,-170,-382,-36,,
SYS_23864,OIS,GBP,-610,-623,1894,-1722,-2773,1354,-342,-519,182,-1191,,
SYS_23865,OIS,GBP,-1042,-359,-268,-1967,-773,-2151,-1528,-320,-536,902,,
SYS_23866,OIS,GBP,-397,-1049,-1303,-1148,-1302,-150,990,-676,-2524,1055,,
SYS_23867,OIS,GBP,-792,-1027,208,-973,-48,794,-586,194,1019,201,,
SYS_23868,OIS,GBP,-970,-467,792,-1298,-1527,1224,-97,-197,71,513,,
SYS_23869,OIS,GBP,1205,-598,294,-209,3563,-216,878,935,-489,-415,,
SYS_23870,OIS,GBP,-1779,-321,-639,956,-974,-441,1673,-347,1230,586,,
SYS_23871,OIS,GBP,-177,1420,-166,1248,-1107,-724,1497,1665,563,2234,,
SYS_23872,OIS,GBP,1614,1088,947,-2021,2136,11,-1184,-1551,-135,-102,,
SYS_23873,OIS,GBP,2159,2318,1348,817,-413,-740,-1074,367,2258,-760,,
SYS_23874,OIS,GBP,661,1133,788,197,1182,183,-708,1192,1391,573,,
SYS_23875,OIS,GBP,562,672,-108,546,1099,-1390,313,-1084,24,-1081,,
SYS_23876,OIS,GBP,-1941,76,107,-276,-504,-472,-1421,570,427,1252,,
SYS_23877,OIS,GBP,-80,1860,-575,1780,-360,-121,-1704,2784,-177,-491,,
SYS_23878,OIS,GBP,-87,-1319,2030,-249,-746,1980,-2121,355,-714,-104,,
SYS_23879,OIS,GBP,-2238,-290,257,-1114,1689,1226,-157,160,1197,-497,,
SYS_23880,OIS,GBP,1412,772,144,-362,-72,-429,-296,-1257,-25,568,,
SYS_23881,OIS,GBP,-487,1586,132,-254,882,-541,-100,-479,229,-1896,,
SYS_23882,OIS,GBP,-1527,-2499,-681,-890,-658,-623,-77,2247,-1684,122,,
SYS_23883,OIS,GBP,1647,495,-1150,1287,521,-495,891,619,1118,682,,
SYS_23884,OIS,GBP,909,-919,770,-360,492,-365,-550,-169,-292,-575,,
SYS_23885,OIS,GBP,-956,667,1114,616,299,222,-1267,987,299,-405,,
SYS_23886,OIS,GBP,-234,522,-682,-878,61,724,304,1259,-409,-496,,
SYS_23887,OIS,GBP,267,-614,408,671,-3563,-538,1365,-1301,-578,-50,,
SYS_23888,OIS,GBP,-624,-423,308,-138,1619,2291,-515,-551,-557,414,,
SYS_23889,OIS,GBP,-802,740,-447,1028,74,847,-259,799,-451,-400,,
SYS_23890,OIS,GBP,301,322,-959,-896,446,498,-183,371,842,-1027,,
SYS_23891,OIS,GBP,-187,690,-261,1016,-1327,1465,-1114,105,-612,394,,
SYS_23892,OIS,GBP,2358,-119,-403,-703,-1067,-728,-439,-953,-1595,-556,,
SYS_23893,OIS,GBP,-1243,-1739,642,373,1360,482,132,-928,825,-110,,
SYS_23894,OIS,GBP,-126,-86,-1038,-734,-1261,-1389,-2237,-991,786,147,,
SYS_23895,3M LIBOR,JPY,-633,492,-209,992,-285,1186,591,-1,1820,253,,
SYS_23896,3M LIBOR,JPY,985,-12,80,67,-436,642,1946,283,-2006,-568,,
SYS_23897,3M LIBOR,JPY,-1184,1515,-7,-291,409,103,651,-744,-1328,-638,,
SYS_23898,3M LIBOR,JPY,818,285,876,-1493,868,-378,-3207,1999,-84,520,,
SYS_23899,3M LIBOR,JPY,82,-1654,-1189,100,-123,-3,129,485,-615,-94,,
SYS_23900,3M LIBOR,JPY,985,-3563,503,-142,-1240,427,1560,1901,528,-334,,
SYS_23901,3M LIBOR,JPY,-462,16,211,481,-786,-1191,-172,-176,-1183,1821,,
SYS_23902,3M LIBOR,JPY,-510,-562,1336,-1109,-532,-95,2803,883,-1353,437,,
SYS_23903,3M LIBOR,JPY,-7,-272,788,-795,-1308,-3,1998,-86,720,-86,,
SYS_23904,3M LIBOR,JPY,-255,-8,1966,-449,-1232,-984,183,909,235,-213,,
SYS_23905,3M LIBOR,JPY,1738,-142,525,-1133,691,-1149,891,-815,212,-64,,
SYS_23906,3M LIBOR,JPY,-989,-590,-1092,-797,470,587,-893,755,-429,-376,,
SYS_23907,3M LIBOR,JPY,467,316,-562,27,269,-492,1060,990,671,882,,
SYS_23908,3M LIBOR,JPY,315,149,-2023,-981,374,-18,27,1663,-1121,327,,
SYS_23909,3M LIBOR,JPY,1309,396,57,23,-124,-280,-319,-747,-1262,-1267,,
SYS_23910,3M LIBOR,JPY,1531,-521,-2083,531,1021,-789,-1657,-827,993,1363,,
SYS_23911,3M LIBOR,JPY,-260,-277,1220,-2096,-1360,-1835,430,-1586,-258,-850,,
SYS_23912,3M LIBOR,JPY,668,-45,1524,448,-115,725,-51,-1671,666,-407,,
SYS_23913,3M LIBOR,JPY,-614,-80,-1428,491,1243,288,228,-464,-200,1317,,
SYS_23914,3M LIBOR,JPY,278,2401,1649,21,785,1055,-783,-1185,908,1287,,
SYS_23915,3M LIBOR,JPY,-200,-1264,-871,-169,1517,-2342,739,1063,-1666,1808,,
SYS_23916,3M LIBOR,JPY,551,202,-289,-2178,187,-525,-853,1440,-1537,-133,,
SYS_23917,3M LIBOR,JPY,-1180,-65,-691,-1367,311,745,631,-1783,687,354,,
SYS_23918,3M LIBOR,JPY,489,38,-353,164,-1985,-1627,-150,-527,896,2640,,
SYS_23919,3M LIBOR,JPY,705,196,-830,-348,-157,-1739,782,-446,267,1093,,
SYS_23920,3M LIBOR,JPY,988,-1195,927,-1171,-370,290,-233,-138,-830,-146,,
SYS_23921,3M LIBOR,JPY,-459,1909,-270,820,803,-1097,969,899,-610,-431,,
SYS_23922,3M LIBOR,JPY,-88,863,-3038,2019,-829,-2007,491,-2811,218,-331,,
SYS_23923,3M LIBOR,JPY,188,-503,64,700,-18,-786,-1376,-252,-1375,-131,,
SYS_23924,3M LIBOR,JPY,454,1037,952,390,216,-1770,-1669,-1939,-692,-1242,,
SYS_23925,3M LIBOR,JPY,70,-1566,-1137,-485,1553,1371,568,805,480,27,,
SYS_23926,3M LIBOR,JPY,-254,-174,-407,829,709,550,-332,-567,-1260,457,,
SYS_23927,3M LIBOR,JPY,-807,-367,447,1638,-101,-338,-139,1700,-624,-1280,,
SYS_23928,3M LIBOR,JPY,1338,-786,236,201,650,1684,60,813,753,866,,
SYS_23929,3M LIBOR,JPY,-663,-430,-955,1407,1453,59,-792,-801,1991,-2306,,
SYS_23930,3M LIBOR,JPY,301,-1420,-1162,-241,667,-430,474,1823,476,410,,
SYS_23931,3M LIBOR,JPY,-373,1176,34,-420,-1126,-1010,766,166,-43,441,,
SYS_23932,3M LIBOR,JPY,-130,-1171,10,-267,-320,399,-1132,-417,217,-216,,
SYS_23933,3M LIBOR,JPY,-1187,-739,-350,382,1585,-49,-41,8,-688,-130,,
SYS_23934,3M LIBOR,JPY,110,436,-2739,110,749,184,-1382,-826,-717,-264,,
SYS_23935,3M LIBOR,JPY,-444,-621,982,482,939,756,-2002,1073,74,665,,
SYS_23936,3M LIBOR,JPY,273,-325,1162,1536,269,989,187,-1131,-14,1101,,
SYS_23937,3M LIBOR,JPY,-910,1931,848,1342,478,1444,-163,1486,465,-533,,
SYS_23938,3M LIBOR,JPY,386,-1300,-379,1702,-1480,-361,1230,557,398,-998,,
SYS_23939,3M LIBOR,JPY,-23,1352,-1729,-1671,313,-569,-1062,8,516,131,,
SYS_23940,3M LIBOR,JPY,-185,614,843,1061,716,572,385,40,-588,-450,,
SYS_23941,3M LIBOR,JPY,-192,-984,-1386,605,327,723,-503,1336,386,242,,
SYS_23942,3M LIBOR,JPY,-407,234,-1005,390,477,-508,-2982,195,-503,1304,,
SYS_23943,3M LIBOR,JPY,762,272,1713,-468,513,168,-630,935,1517,-97,,
SYS_23944,3M LIBOR,JPY,-1216,200,-1248,485,-1130,684,-2303,-301,656,-2459,,
SYS_23945,3M LIBOR,JPY,-418,2000,488,255,-116,-148,-365,1417,1575,-585,,
SYS_23946,3M LIBOR,JPY,1707,551,-1567,872,817,701,652,622,453,-300,,
SYS_23947,3M LIBOR,JPY,-368,164,765,-212,825,1333,1377,-1699,-1099,-1048,,
SYS_23948,3M LIBOR,JPY,260,-735,-76,155,933,-1862,-1364,-224,1411,190,,
SYS_23949,3M LIBOR,JPY,400,-2331,-45,2508,174,-452,454,-1427,-1306,-1088,,
SYS_23950,3M LIBOR,JPY,1244,1533,25,-564,-1045,-75,1006,-1906,-1283,1175,,
SYS_23951,3M LIBOR,JPY,-200,-1553,-1087,-1506,998,-805,-203,-1087,107,-386,,
SYS_23952,3M LIBOR,JPY,-640,1046,339,112,874,-712,-1197,2175,-322,-795,,
SYS_23953,3M LIBOR,JPY,-871,590,-382,-129,752,645,-1145,-581,1177,-257,,
SYS_23954,3M LIBOR,JPY,1127,1579,-1521,755,353,1298,73,1567,435,209,,
SYS_23955,3M LIBOR,JPY,-1331,525,-530,-689,375,897,-279,-441,-559,-612,,
SYS_23956,3M LIBOR,JPY,498,-2254,672,205,-2315,-584,-502,522,376,-544,,
SYS_23957,3M LIBOR,JPY,920,73,1613,-459,-1689,259,-206,-1770,1242,1466,,
SYS_23958,3M LIBOR,JPY,-527,-176,783,156,2085,-1023,676,1340,-799,153,,
SYS_23959,3M LIBOR,JPY,-109,-470,-101,-762,729,1838,-347,-842,-1624,229,,
SYS_23960,3M LIBOR,JPY,457,1081,1080,-1362,203,44,-1144,23,951,457,,
SYS_23961,3M LIBOR,JPY,182,6,177,-1017,-130,500,-543,1179,-582,-1452,,
SYS_23962,3M LIBOR,JPY,811,336,746,1458,112,7,65,-560,-156,-291,,
SYS_23963,3M LIBOR,JPY,610,-3,-802,-710,-69,1245,137,-180,1028,-1178,,
SYS_23964,3M LIBOR,JPY,-674,1446,-29,-1040,-605,344,525,3,-684,356,,
SYS_23965,3M LIBOR,JPY,1047,541,-931,379,-960,117,1002,-218,221,-1233,,
SYS_23966,3M LIBOR,JPY,796,-205,1002,-976,-579,237,-212,1463,-908,-345,,
SYS_23967,3M LIBOR,JPY,88,559,-1324,854,1009,30,606,-1013,1495,-1560,,
SYS_23968,3M LIBOR,JPY,1205,115,-347,-347,1600,-1171,-360,-571,-589,-188,,
SYS_23969,3M LIBOR,JPY,823,-1034,-3,-559,453,2152,1605,2618,609,-450,,
SYS_23970,3M LIBOR,JPY,-501,-1727,-550,-763,840,-737,-1168,-280,799,-229,,
SYS_23971,3M LIBOR,JPY,-468,-1333,-565,317,2591,713,-807,1871,995,1303,,
SYS_23972,3M LIBOR,JPY,884,1359,-607,-551,-873,-284,-544,-2288,-537,-199,,
SYS_23973,3M LIBOR,JPY,613,-309,-498,204,-2756,-694,1014,-1798,-1360,636,,
SYS_23974,3M LIBOR,JPY,985,-15,911,2011,135,860,-824,733,283,44,,
SYS_23975,3M LIBOR,JPY,1213,938,-172,-1004,-190,157,-2185,51,112,1687,,
SYS_23976,3M LIBOR,JPY,-118,685,-2029,82,-1326,22,-419,-1985,621,1689,,
SYS_23977,3M LIBOR,JPY,794,434,814,1360,-966,694,943,1431,629,-231,,
SYS_23978,3M LIBOR,JPY,-458,-9,148,-1141,-996,-393,1554,-1015,383,1237,,
SYS_23979,3M LIBOR,JPY,-1581,-919,182,777,-40,-273,-1300,707,654,-84,,
SYS_23980,3M LIBOR,JPY,-3207,322,117,-132,-1295,196,1192,-1173,-597,592,,
SYS_23981,3M LIBOR,JPY,276,1105,-1643,-1717,507,99,-1676,192,790,-214,,
SYS_23982,3M LIBOR,JPY,-503,-1195,-708,546,984,-837,-577,577,-547,454,,
SYS_23983,3M LIBOR,JPY,-125,-1110,-787,251,1996,2,620,855,-621,-202,,
SYS_23984,3M LIBOR,JPY,-1288,1042,-1128,-60,-1928,525,1358,-119,-927,1010,,
SYS_23985,3M LIBOR,JPY,-805,1014,622,-797,-574,-782,-88,291,1077,-188,,
SYS_23986,3M LIBOR,JPY,-917,3315,-78,-702,1996,-450,1838,-231,-824,-482,,
SYS_23987,3M LIBOR,JPY,-251,415,74,1098,1189,630,-2037,-208,298,1348,,
SYS_23988,3M LIBOR,JPY,424,-1577,661,-1269,-840,273,-997,-1722,529,73,,
SYS_23989,3M LIBOR,JPY,1572,220,813,1207,233,422,1369,-966,490,1322,,
SYS_23990,3M LIBOR,JPY,141,-708,-1053,15,954,-766,627,-541,-440,128,,
SYS_23991,3M LIBOR,JPY,2319,297,398,-1889,-832,-2862,39,-1109,311,-938,,
SYS_23992,3M LIBOR,JPY,941,-359,94,-171,503,1248,-272,1473,495,-285,,
SYS_23993,3M LIBOR,JPY,232,1220,-367,-1207,-1049,-602,-540,-546,966,1742,,
SYS_23994,3M LIBOR,JPY,783,1089,2565,1455,-453,-53,452,39,-2163,-1896,,
SYS_23995,3M LIBOR,JPY,-823,-647,-1038,-186,1503,-399,1986,2257,-752,-754,,
SYS_23996,3M LIBOR,JPY,2575,-995,-221,-245,554,1169,949,1542,-679,-387,,
SYS_23997,3M LIBOR,JPY,271,505,649,48,-312,1063,1195,-1864,89,738,,
SYS_23998,3M LIBOR,JPY,172,1541,-757,251,-2269,1708,525,1115,-613,99,,
SYS_23999,3M LIBOR,JPY,-747,-272,137,157,-973,401,-674,1189,-260,-1118,,
SYS_24000,3M LIBOR,JPY,-1655,184,727,295,-1297,-1300,426,-1447,178,-780,,
SYS_24001,3M LIBOR,JPY,-147,-1663,187,1359,761,-1016,789,-1391,490,516,,
SYS_24002,3M LIBOR,JPY,615,-451,-482,1476,-1159,201,-1054,-2436,-1070,1174,,
SYS_24003,3M LIBOR,JPY,997,-1076,-1382,-1657,-516,-2732,-604,191,-977,1322,,
SYS_24004,3M LIBOR,JPY,401,-60,-444,808,1800,-228,645,103,1141,1010,,
SYS_24005,3M LIBOR,JPY,-1892,488,-1672,80,-892,2399,-31,-1267,1489,1988,,
SYS_24006,3M LIBOR,JPY,-1387,-1880,1454,1338,743,738,-26,-564,-763,-404,,
SYS_24007,3M LIBOR,JPY,1815,-419,-148,-1036,-214,234,-842,-546,755,-1889,,
SYS_24008,3M LIBOR,JPY,556,-892,-1093,1028,-152,663,-463,-282,-87,1463,,
SYS_24009,3M LIBOR,JPY,-301,-716,-526,1284,-817,-1782,159,343,1175,-1608,,
SYS_24010,3M LIBOR,JPY,-170,-872,1536,-2555,-641,-23,-839,-819,-598,959,,
SYS_24011,3M LIBOR,JPY,-466,121,720,1769,542,-397,409,1830,2093,223,,
SYS_24012,3M LIBOR,JPY,1312,707,346,304,130,-91,-2270,774,1557,-132,,
SYS_24013,3M LIBOR,JPY,-498,-1644,1401,-465,624,-824,-54,396,-87,103,,
SYS_24014,3M LIBOR,JPY,565,529,253,472,78,1459,561,8,2237,239,,
SYS_24015,OIS,JPY,-809,563,488,-814,-1206,-1228,-1130,-1287,-117,-1629,,
SYS_24016,OIS,JPY,-212,1407,1249,-932,-736,-420,792,1215,-24,531,,
SYS_24017,OIS,JPY,-610,414,184,2196,293,440,98,672,-220,837,,
SYS_24018,OIS,JPY,-709,-153,943,109,592,796,50,1042,1054,233,,
SYS_24019,OIS,JPY,-186,-205,86,441,-1852,-31,-134,-668,-501,417,,
SYS_24020,OIS,JPY,592,267,1759,794,-153,-943,-1029,-228,-388,2690,,
SYS_24021,OIS,JPY,-397,1114,704,570,-150,37,1696,1405,982,-1067,,
SYS_24022,OIS,JPY,-1414,-1108,267,-1240,1129,-768,-248,-847,-925,-42,,
SYS_24023,OIS,JPY,-535,809,346,-713,-1000,-537,-174,-1007,755,-114,,
SYS_24024,OIS,JPY,128,-1053,-439,2,-193,-1689,-164,580,-366,1515,,
SYS_24025,OIS,JPY,-441,-150,488,-459,-134,2922,-1858,-2726,1806,463,,
SYS_24026,OIS,JPY,163,1063,67,-861,572,-301,741,587,-850,-708,,
SYS_24027,OIS,JPY,959,-2216,732,206,-80,375,358,-110,2013,1307,,
SYS_24028,OIS,JPY,1512,-1499,112,-373,-1310,-981,-886,328,400,-380,,
SYS_24029,OIS,JPY,1759,-119,-577,255,143,-125,-33,596,2122,686,,
SYS_24030,OIS,JPY,1409,-1138,-127,1659,395,232,-1076,-235,-395,-301,,
SYS_24031,OIS,JPY,-2095,-61,594,-110,-498,395,-679,-1512,1028,-869,,
SYS_24032,OIS,JPY,-225,26,1362,-831,84,-373,603,806,-3,1080,,
SYS_24033,OIS,JPY,-631,-712,-491,1513,98,809,1237,-325,-2253,-1706,,
SYS_24034,OIS,JPY,-2206,418,-568,-16,814,-1034,618,-638,321,1017,,
SYS_24035,OIS,JPY,-750,98,3126,323,323,732,-1604,-994,-1011,-1266,,
SYS_24036,OIS,JPY,-424,-558,-351,-926,291,-911,806,551,-842,-1946,,
SYS_24037,OIS,JPY,-1942,1926,366,108,-554,454,-710,-1266,-834,-646,,
SYS_24038,OIS,JPY,-721,603,1315,-934,-1032,694,-895,-1073,-1216,-82,,
SYS_24039,OIS,JPY,664,1505,285,-210,-495,612,263,814,453,103,,
SYS_24040,OIS,JPY,-456,149,-231,727,726,462,-455,-270,-865,-943,,
SYS_24041,OIS,JPY,-275,1188,300,-417,-683,-635,332,1079,1708,-64,,
SYS_24042,OIS,JPY,11,-1116,-910,-39,1933,145,-208,-808,214,-1279,,
SYS_24043,OIS,JPY,-135,760,-1709,1213,432,-1023,-133,-1149,-94,464,,
SYS_24044,OIS,JPY,908,-1144,-666,61,1014,569,-266,307,-738,859,,
SYS_24045,OIS,JPY,219,-1447,152,-212,1434,287,-1301,1472,-588,-1352,,
SYS_24046,OIS,JPY,-265,1014,-1083,158,-961,957,227,-2090,-579,-384,,
SYS_24047,OIS,JPY,148,-786,-510,347,-2077,625,47,-524,-599,593,,
SYS_24048,OIS,JPY,762,-344,-2501,-246,-1074,2240,-770,963,497,407,,
SYS_24049,OIS,JPY,727,2442,-243,-957,175,531,97,-1195,-687,-246,,
SYS_24050,OIS,JPY,-268,-758,-676,-392,1165,-586,-823,-783,752,1554,,
SYS_24051,OIS,JPY,232,531,-1142,-768,-190,-1404,355,1411,-1297,-487,,
SYS_24052,OIS,JPY,-15,755,-1781,543,24,319,-431,398,-1917,-315,,
SYS_24053,OIS,JPY,2224,12,-140,-1964,1661,-1464,814,103,273,971,,
SYS_24054,OIS,JPY,-596,1222,971,-400,-962,1735,-431,1186,1974,515,,
SYS_24055,OIS,JPY,-353,1184,-589,-781,71,-957,-1063,-953,875,89,,
SYS_24056,OIS,JPY,96,-1031,-140,461,304,-162,1097,-1717,-429,888,,
SYS_24057,OIS,JPY,-514,264,-771,871,-610,-1316,914,-1477,13,645,,
SYS_24058,OIS,JPY,271,-833,263,-2033,1014,953,1714,-57,-617,-964,,
SYS_24059,OIS,JPY,-1009,-1195,-2519,1206,80,-174,358,118,1816,182,,
SYS_24060,OIS,JPY,920,-277,391,525,-424,718,1662,-1641,-1854,1681,,
SYS_24061,OIS,JPY,2532,654,43,616,-867,1125,-1924,-352,-461,1186,,
SYS_24062,OIS,JPY,-313,-287,-479,934,-263,1495,-142,-172,696,1058,,
SYS_24063,OIS,JPY,-2106,323,260,-52,-546,-117,1181,-744,548,1879,,
SYS_24064,OIS,JPY,795,1371,-1100,-1103,-760,2090,-579,-762,496,-72,,
SYS_24065,OIS,JPY,1312,816,-14,-2618,-2335,661,543,123,401,5,,
SYS_24066,OIS,JPY,683,-636,158,951,-1568,-888,-1053,-385,376,-1394,,
SYS_24067,OIS,JPY,-1026,-629,-1298,-975,115,-479,755,-1551,848,81,,
SYS_24068,OIS,JPY,610,582,-620,751,-931,260,645,303,1819,1278,,
SYS_24069,OIS,JPY,1444,307,1566,-1419,1436,-101,253,77,-214,-1838,,
SYS_24070,OIS,JPY,1681,277,463,-2699,-2444,919,-1165,1009,674,-52,,
SYS_24071,OIS,JPY,-80,1312,-1468,193,-667,115,23,-957,818,1002,,
SYS_24072,OIS,JPY,-729,-1604,-550,1424,-963,-2124,-817,-116,439,-171,,
SYS_24073,OIS,JPY,212,-521,399,4,-97,1348,234,1320,-1707,-175,,
SYS_24074,OIS,JPY,-647,-1010,759,-1249,452,-210,2134,2208,-1214,-1282,,
SYS_24075,OIS,JPY,-728,-83,253,2363,-1462,523,870,-840,-533,-245,,
SYS_24076,OIS,JPY,648,581,-210,-1226,-1103,1071,-106,-335,1743,-380,,
SYS_24077,OIS,JPY,744,1612,1594,-213,-2857,136,72,56,1112,-1132,,
SYS_24078,OIS,JPY,-1101,-859,1326,-828,-882,233,1121,-257,737,-1010,,
SYS_24079,OIS,JPY,1085,143,-466,-1140,1750,179,-499,-909,-242,-218,,
SYS_24080,OIS,JPY,-687,2490,-1685,-210,2040,2281,-827,-449,397,-1403,,
SYS_24081,OIS,JPY,225,-982,-647,420,-140,-207,-1023,377,162,314,,
SYS_24082,OIS,JPY,-22,908,-391,912,1585,-534,102,1668,313,-296,,
SYS_24083,OIS,JPY,919,642,310,185,1228,-1982,-1493,-2257,-769,-1011,,
SYS_24084,OIS,JPY,-1261,-896,-1184,-165,511,-1197,-666,-1124,461,1042,,
SYS_24085,OIS,JPY,-465,-1107,1579,65,2242,676,-924,754,732,461,,
SYS_24086,OIS,JPY,-1600,772,-2463,513,-564,644,275,-1253,-137,-1898,,
SYS_24087,OIS,JPY,449,-173,1750,983,535,-136,-886,186,60,-2054,,
SYS_24088,OIS,JPY,2021,866,212,1024,321,-1933,808,172,311,-2181,,
SYS_24089,OIS,JPY,79,-448,-1206,-1316,-1709,-555,-69,-1656,790,-1014,,
SYS_24090,OIS,JPY,1172,2280,1783,-851,-419,1578,1153,1061,-2287,-92,,
SYS_24091,OIS,JPY,-740,-201,-517,-2024,-1412,973,183,-70,124,-1056,,
SYS_24092,OIS,JPY,1321,-315,-2844,353,996,-113,820,-907,-145,1760,,
SYS_24093,OIS,JPY,-560,935,433,-683,-607,-1012,-300,-483,-136,-55,,
SYS_24094,OIS,JPY,1899,297,-1160,-461,1471,1340,890,-451,-394,-198,,
SYS_24095,OIS,JPY,984,-2259,505,-1148,340,6,863,-259,1290,504,,
SYS_24096,OIS,JPY,-24,1008,-634,1415,356,167,164,424,-610,444,,
SYS_24097,OIS,JPY,19,-570,-240,-607,638,-325,-963,814,-1442,541,,
SYS_24098,OIS,JPY,-1712,995,-2340,-376,451,-166,-1007,1876,-1211,1099,,
SYS_24099,OIS,JPY,810,827,1575,1879,-1078,-234,-1016,-1203,221,633,,
SYS_24100,OIS,JPY,-799,356,-163,-249,-910,-1445,-276,1146,-360,1257,,
SYS_23111,3M LIBOR,JPY,-265,1014,-1083,158,-961,957,227,-2090,-579,-384,,
SYS_23112,3M LIBOR,JPY,148,-786,-510,347,-2077,625,47,-524,-599,593,,
SYS_23113,3M LIBOR,JPY,762,-344,-2501,-246,-1074,2240,-770,963,497,407,,
SYS_23114,3M LIBOR,JPY,727,2442,-243,-957,175,531,97,-1195,-687,-246,,
SYS_23115,3M LIBOR,JPY,-268,-758,-676,-392,1165,-586,-823,-783,752,1554,,
SYS_23116,3M LIBOR,JPY,232,531,-1142,-768,-190,-1404,355,1411,-1297,-487,,
SYS_23117,3M LIBOR,JPY,-15,755,-1781,543,24,319,-431,398,-1917,-315,,
SYS_23118,3M LIBOR,JPY,2224,12,-140,-1964,1661,-1464,814,103,273,971,,
SYS_23119,3M LIBOR,JPY,-596,1222,971,-400,-962,1735,-431,1186,1974,515,,
SYS_23120,3M LIBOR,JPY,-353,1184,-589,-781,71,-957,-1063,-953,875,89,,
SYS_23101,CPI,USD,,,,,,,,,,,-687,
SYS_23102,CPI,USD,,,,,,,,,,,225,
SYS_23103,CPI,USD,,,,,,,,,,,-22,
SYS_23104,CPI,USD,,,,,,,,,,,919,
SYS_23105,CPI,USD,,,,,,,,,,,-1261,
SYS_23106,CPI,USD,,,,,,,,,,,-465,
SYS_23107,CPI,USD,,,,,,,,,,,-1600,
SYS_23108,CPI,USD,,,,,,,,,,,449,
SYS_23109,CPI,USD,,,,,,,,,,,2021,
SYS_23110,CPI,USD,,,,,,,,,,,79,
SYS_23111,Basis,JPY,,,,,,,,,,,,-275
SYS_23112,Basis,JPY,,,,,,,,,,,,11
SYS_23113,Basis,JPY,,,,,,,,,,,,-135
SYS_23114,Basis,JPY,,,,,,,,,,,,908
SYS_23115,Basis,JPY,,,,,,,,,,,,219
SYS_23116,Basis,JPY,,,,,,,,,,,,-265
SYS_23117,Basis,JPY,,,,,,,,,,,,148
SYS_23118,Basis,JPY,,,,,,,,,,,,762
SYS_23119,Basis,JPY,,,,,,,,,,,,727
SYS_23120,Basis,JPY,,,,,,,,,,,,-268
